[
    {
       "model":"catalog.appclimatecategory",
       "pk":1,
       "fields":{
          "created_at":"2025-02-10T01:53:34.282Z",
          "updated_at":"2025-02-10T01:53:34.282Z",
          "name":"Developer XP"
       }
    },
    {
       "model":"catalog.appclimatecategory",
       "pk":2,
       "fields":{
          "created_at":"2025-02-10T01:53:44.036Z",
          "updated_at":"2025-02-10T01:53:44.036Z",
          "name":"Data"
       }
    },
    {
       "model":"catalog.appclimatecategory",
       "pk":3,
       "fields":{
          "created_at":"2025-02-10T01:53:56.160Z",
          "updated_at":"2025-02-10T01:53:56.161Z",
          "name":"DevSecOps"
       }
    },
    {
       "model":"catalog.appclimatecategory",
       "pk":4,
       "fields":{
          "created_at":"2025-02-10T01:54:03.415Z",
          "updated_at":"2025-02-10T01:54:03.415Z",
          "name":"Documentation"
       }
    },
    {
       "model":"catalog.appclimatecategory",
       "pk":5,
       "fields":{
          "created_at":"2025-02-10T01:54:09.529Z",
          "updated_at":"2025-02-10T01:54:09.529Z",
          "name":"Observability"
       }
    },
    {
       "model":"catalog.appclimatecategory",
       "pk":6,
       "fields":{
          "created_at":"2025-02-10T01:54:21.786Z",
          "updated_at":"2025-02-10T01:54:21.786Z",
          "name":"Testability"
       }
    },
    {
       "model":"catalog.appclimateitem",
       "pk":1,
       "fields":{
          "created_at":"2025-02-10T01:55:51.908Z",
          "updated_at":"2025-02-10T01:55:51.908Z",
          "name":"Has Specific Application User Database",
          "category":2,
          "doc_url":null
       }
    },
    {
       "model":"catalog.appclimateitem",
       "pk":2,
       "fields":{
          "created_at":"2025-02-10T01:56:19.942Z",
          "updated_at":"2025-02-10T01:56:19.942Z",
          "name":"Has Database as Code (migrations)",
          "category":2,
          "doc_url":null
       }
    },
    {
       "model":"catalog.appclimateitem",
       "pk":4,
       "fields":{
          "created_at":"2025-02-10T01:57:51.195Z",
          "updated_at":"2025-02-10T01:57:51.195Z",
          "name":"Has Automated Migrations",
          "category":1,
          "doc_url":null
       }
    },
    {
       "model":"catalog.appclimateitem",
       "pk":5,
       "fields":{
          "created_at":"2025-02-10T01:58:15.998Z",
          "updated_at":"2025-02-10T01:58:15.998Z",
          "name":"Has Codestyle Standards (Lint, Prettier, EditorConfig)",
          "category":1,
          "doc_url":null
       }
    },
    {
       "model":"catalog.appclimateitem",
       "pk":6,
       "fields":{
          "created_at":"2025-02-10T01:58:47.758Z",
          "updated_at":"2025-02-10T01:58:47.758Z",
          "name":"Has Infrastructure as Code",
          "category":1,
          "doc_url":null
       }
    },
    {
       "model":"catalog.appclimateitem",
       "pk":7,
       "fields":{
          "created_at":"2025-02-10T02:00:21.257Z",
          "updated_at":"2025-02-10T02:00:21.257Z",
          "name":"Has SAST Configured",
          "category":3,
          "doc_url":null
       }
    },
    {
       "model":"catalog.appclimateitem",
       "pk":8,
       "fields":{
          "created_at":"2025-02-10T02:00:27.522Z",
          "updated_at":"2025-02-10T02:00:32.927Z",
          "name":"Has SCA Configured",
          "category":3,
          "doc_url":null
       }
    },
    {
       "model":"catalog.appclimateitem",
       "pk":9,
       "fields":{
          "created_at":"2025-02-10T02:01:05.871Z",
          "updated_at":"2025-02-10T02:01:05.871Z",
          "name":"Use Secure Environment Variables",
          "category":3,
          "doc_url":null
       }
    },
    {
       "model":"catalog.appclimateitem",
       "pk":10,
       "fields":{
          "created_at":"2025-02-10T02:01:24.563Z",
          "updated_at":"2025-02-10T02:01:24.563Z",
          "name":"Has Architectural Decision Records (ADRS)",
          "category":4,
          "doc_url":null
       }
    },
    {
       "model":"catalog.appclimateitem",
       "pk":11,
       "fields":{
          "created_at":"2025-02-10T02:01:35.267Z",
          "updated_at":"2025-02-10T02:01:35.268Z",
          "name":"Has Architectural Diagrams",
          "category":4,
          "doc_url":null
       }
    },
    {
       "model":"catalog.appclimateitem",
       "pk":12,
       "fields":{
          "created_at":"2025-02-10T02:01:56.727Z",
          "updated_at":"2025-02-10T02:01:56.727Z",
          "name":"Has Meaningful and Updated Readme",
          "category":4,
          "doc_url":null
       }
    },
    {
       "model":"catalog.appclimateitem",
       "pk":13,
       "fields":{
          "created_at":"2025-02-10T02:02:20.411Z",
          "updated_at":"2025-02-10T22:54:53.773Z",
          "name":"Is Oráculo Updated",
          "category":4,
          "doc_url":null
       }
    },
    {
       "model":"catalog.appclimateitem",
       "pk":14,
       "fields":{
          "created_at":"2025-02-10T02:02:46.990Z",
          "updated_at":"2025-02-10T02:02:46.990Z",
          "name":"Has Compliant Logs (no sensitive data)",
          "category":3,
          "doc_url":null
       }
    },
    {
       "model":"catalog.appclimateitem",
       "pk":15,
       "fields":{
          "created_at":"2025-02-10T02:02:59.361Z",
          "updated_at":"2025-02-10T02:02:59.361Z",
          "name":"Has Curated Alarms",
          "category":5,
          "doc_url":null
       }
    },
    {
       "model":"catalog.appclimateitem",
       "pk":16,
       "fields":{
          "created_at":"2025-02-10T02:04:04.416Z",
          "updated_at":"2025-02-10T02:04:04.416Z",
          "name":"Has Liveness Health Check",
          "category":5,
          "doc_url":null
       }
    },
    {
       "model":"catalog.appclimateitem",
       "pk":17,
       "fields":{
          "created_at":"2025-02-10T02:04:29.041Z",
          "updated_at":"2025-02-10T02:04:29.041Z",
          "name":"Has Proper Auto Scaling",
          "category":5,
          "doc_url":null
       }
    },
    {
       "model":"catalog.appclimateitem",
       "pk":18,
       "fields":{
          "created_at":"2025-02-10T02:04:41.145Z",
          "updated_at":"2025-02-10T02:04:41.145Z",
          "name":"Has Proper Resource Allocation",
          "category":5,
          "doc_url":null
       }
    },
    {
       "model":"catalog.appclimateitem",
       "pk":19,
       "fields":{
          "created_at":"2025-02-10T02:04:50.829Z",
          "updated_at":"2025-02-10T02:04:50.829Z",
          "name":"Has Readiness Health Check",
          "category":5,
          "doc_url":null
       }
    },
    {
       "model":"catalog.appclimateitem",
       "pk":20,
       "fields":{
          "created_at":"2025-02-10T02:05:35.147Z",
          "updated_at":"2025-02-10T02:05:35.147Z",
          "name":"Has [Sentry,New Relic,Datadog,etc] Configured",
          "category":5,
          "doc_url":null
       }
    },
    {
       "model":"catalog.appclimateitem",
       "pk":21,
       "fields":{
          "created_at":"2025-02-10T02:05:54.609Z",
          "updated_at":"2025-02-10T02:05:54.609Z",
          "name":"Has Graceful Shutdown",
          "category":5,
          "doc_url":null
       }
    },
    {
       "model":"catalog.appclimateitem",
       "pk":22,
       "fields":{
          "created_at":"2025-02-10T02:06:10.257Z",
          "updated_at":"2025-02-10T02:06:10.257Z",
          "name":"Has Curated Logs",
          "category":5,
          "doc_url":null
       }
    },
    {
       "model":"catalog.appclimateitem",
       "pk":23,
       "fields":{
          "created_at":"2025-02-10T02:06:25.392Z",
          "updated_at":"2025-02-10T02:06:25.392Z",
          "name":"Has Code Coverage Policy",
          "category":6,
          "doc_url":null
       }
    },
    {
       "model":"catalog.appclimateitem",
       "pk":24,
       "fields":{
          "created_at":"2025-02-10T02:06:36.661Z",
          "updated_at":"2025-02-10T02:06:36.661Z",
          "name":"Has End to End Tests",
          "category":6,
          "doc_url":null
       }
    },
    {
       "model":"catalog.appclimateitem",
       "pk":25,
       "fields":{
          "created_at":"2025-02-10T02:06:47.940Z",
          "updated_at":"2025-02-10T02:06:47.940Z",
          "name":"Has Integration Tests",
          "category":6,
          "doc_url":null
       }
    },
    {
       "model":"catalog.appclimateitem",
       "pk":26,
       "fields":{
          "created_at":"2025-02-10T02:07:02.275Z",
          "updated_at":"2025-02-10T02:07:02.275Z",
          "name":"Has Unit Tests",
          "category":6,
          "doc_url":null
       }
    },
    {
       "model":"catalog.appclimatescore",
       "pk":1,
       "fields":{
          "created_at":"2025-02-10T01:49:54.162Z",
          "updated_at":"2025-02-10T02:07:18.397Z",
          "name":"Total",
          "categories":[
             1,
             2,
             3,
             4,
             5,
             6
          ]
       }
    },
    {
       "model":"catalog.appclimatescore",
       "pk":2,
       "fields":{
          "created_at":"2025-02-10T01:50:00.249Z",
          "updated_at":"2025-02-10T02:08:35.407Z",
          "name":"Stability",
          "categories":[
             1,
             2,
             3,
             4,
             6
          ]
       }
    },
    {
       "model":"catalog.appclimatescore",
       "pk":3,
       "fields":{
          "created_at":"2025-02-10T01:50:07.071Z",
          "updated_at":"2025-02-10T02:07:53.582Z",
          "name":"Monitoring",
          "categories":[
             5
          ]
       }
    },
    {
       "model":"catalog.role",
       "pk":1,
       "fields":{
          "created_at":"2024-12-14T20:44:35.622Z",
          "updated_at":"2024-12-14T20:44:35.622Z",
          "name":"agilist"
       }
    },
    {
       "model":"catalog.role",
       "pk":2,
       "fields":{
          "created_at":"2024-12-14T20:44:35.622Z",
          "updated_at":"2024-12-14T20:44:35.622Z",
          "name":"database administrator"
       }
    },
    {
       "model":"catalog.role",
       "pk":3,
       "fields":{
          "created_at":"2024-12-14T20:44:35.622Z",
          "updated_at":"2024-12-14T20:44:35.622Z",
          "name":"data engineer"
       }
    },
    {
       "model":"catalog.role",
       "pk":4,
       "fields":{
          "created_at":"2024-12-14T20:44:35.622Z",
          "updated_at":"2024-12-14T20:44:35.622Z",
          "name":"designer"
       }
    },
    {
       "model":"catalog.role",
       "pk":5,
       "fields":{
          "created_at":"2024-12-14T20:44:35.622Z",
          "updated_at":"2024-12-14T20:44:35.622Z",
          "name":"developer"
       }
    },
    {
       "model":"catalog.role",
       "pk":6,
       "fields":{
          "created_at":"2024-12-14T20:44:35.622Z",
          "updated_at":"2024-12-14T20:44:35.622Z",
          "name":"head"
       }
    },
    {
       "model":"catalog.role",
       "pk":8,
       "fields":{
          "created_at":"2024-12-14T20:44:35.622Z",
          "updated_at":"2025-02-10T15:22:37.964Z",
          "name":"engineering manager"
       }
    },
    {
       "model":"catalog.role",
       "pk":9,
       "fields":{
          "created_at":"2024-12-14T20:44:35.622Z",
          "updated_at":"2024-12-14T20:44:35.622Z",
          "name":"mobile developer"
       }
    },
    {
       "model":"catalog.role",
       "pk":10,
       "fields":{
          "created_at":"2024-12-14T20:44:35.622Z",
          "updated_at":"2024-12-14T20:44:35.622Z",
          "name":"product manager"
       }
    },
    {
       "model":"catalog.role",
       "pk":11,
       "fields":{
          "created_at":"2024-12-14T20:44:35.622Z",
          "updated_at":"2024-12-14T20:44:35.622Z",
          "name":"quality assurance"
       }
    },
    {
       "model":"catalog.role",
       "pk":12,
       "fields":{
          "created_at":"2024-12-14T20:44:35.622Z",
          "updated_at":"2024-12-14T20:44:35.622Z",
          "name":"service desk analyst"
       }
    },
    {
       "model":"catalog.role",
       "pk":13,
       "fields":{
          "created_at":"2024-12-14T20:44:35.622Z",
          "updated_at":"2024-12-14T20:44:35.622Z",
          "name":"sre"
       }
    },
    {
       "model":"catalog.role",
       "pk":14,
       "fields":{
          "created_at":"2024-12-14T20:44:35.622Z",
          "updated_at":"2024-12-14T20:44:35.622Z",
          "name":"staff engineer"
       }
    },
    {
       "model":"catalog.role",
       "pk":15,
       "fields":{
          "created_at":"2024-12-14T20:44:35.622Z",
          "updated_at":"2024-12-14T20:44:35.622Z",
          "name":"tech lead"
       }
    },
    {
       "model":"catalog.role",
       "pk":16,
       "fields":{
          "created_at":"2024-12-14T20:44:35.622Z",
          "updated_at":"2024-12-14T20:44:35.622Z",
          "name":"ux research"
       }
    },
    {
       "model":"catalog.role",
       "pk":17,
       "fields":{
          "created_at":"2024-12-14T20:44:35.622Z",
          "updated_at":"2024-12-14T20:44:35.622Z",
          "name":"ux writer"
       }
    },
    {
       "model":"catalog.role",
       "pk":18,
       "fields":{
          "created_at":"2025-02-10T15:12:00.315Z",
          "updated_at":"2025-02-10T15:12:00.315Z",
          "name":"group product manager"
       }
    },
    {
       "model":"catalog.member",
       "pk":1,
       "fields":{
          "created_at":"2025-02-10T15:11:07.410Z",
          "updated_at":"2025-02-10T15:11:07.410Z",
          "name":"Emma Wright",
          "email":"emma.wright@umbrella.com",
          "role":8
       }
    },
    {
       "model":"catalog.member",
       "pk":2,
       "fields":{
          "created_at":"2025-02-10T15:12:02.572Z",
          "updated_at":"2025-02-10T15:12:02.572Z",
          "name":"James Hudson",
          "email":"james.hudson@umbrella.com",
          "role":18
       }
    },
    {
       "model":"catalog.member",
       "pk":3,
       "fields":{
          "created_at":"2025-02-10T15:12:27.878Z",
          "updated_at":"2025-02-10T15:12:27.878Z",
          "name":"John Carter",
          "email":"john.carter@umbrella.com",
          "role":15
       }
    },
    {
       "model":"catalog.member",
       "pk":4,
       "fields":{
          "created_at":"2025-02-10T15:12:52.344Z",
          "updated_at":"2025-02-10T15:12:52.344Z",
          "name":"Alice Monroe",
          "email":"alice.monroe@umbrella.com",
          "role":5
       }
    },
    {
       "model":"catalog.member",
       "pk":5,
       "fields":{
          "created_at":"2025-02-10T15:13:09.391Z",
          "updated_at":"2025-02-10T15:13:09.391Z",
          "name":"Mark Stevens",
          "email":"mark.stevens@umbrella.com",
          "role":5
       }
    },
    {
       "model":"catalog.member",
       "pk":6,
       "fields":{
          "created_at":"2025-02-10T15:13:30.971Z",
          "updated_at":"2025-02-10T15:13:30.971Z",
          "name":"Sarah Bennett",
          "email":"sarah.bennett@umbrella.com",
          "role":5
       }
    },
    {
       "model":"catalog.member",
       "pk":7,
       "fields":{
          "created_at":"2025-02-10T15:13:47.510Z",
          "updated_at":"2025-02-10T15:13:47.510Z",
          "name":"David Collins",
          "email":"david.collins@umbrella.com",
          "role":5
       }
    },
    {
       "model":"catalog.member",
       "pk":8,
       "fields":{
          "created_at":"2025-02-10T15:14:29.313Z",
          "updated_at":"2025-02-10T15:14:29.313Z",
          "name":"Olivia Harris",
          "email":"olivia.harris@umbrella.com",
          "role":10
       }
    },
    {
       "model":"catalog.member",
       "pk":9,
       "fields":{
          "created_at":"2025-02-10T15:14:56.869Z",
          "updated_at":"2025-02-10T15:14:56.869Z",
          "name":"Robert Blake",
          "email":"robert.blake@umbrella.com",
          "role":15
       }
    },
    {
       "model":"catalog.member",
       "pk":10,
       "fields":{
          "created_at":"2025-02-10T15:15:16.332Z",
          "updated_at":"2025-02-10T15:15:16.332Z",
          "name":"Kevin Reed",
          "email":"kevin.reed@umbrella.com",
          "role":5
       }
    },
    {
       "model":"catalog.member",
       "pk":11,
       "fields":{
          "created_at":"2025-02-10T15:15:33.757Z",
          "updated_at":"2025-02-10T15:15:33.757Z",
          "name":"Emily Sanders",
          "email":"emily.sanders@umbrella.com",
          "role":5
       }
    },
    {
       "model":"catalog.member",
       "pk":12,
       "fields":{
          "created_at":"2025-02-10T15:15:56.512Z",
          "updated_at":"2025-02-10T15:15:56.512Z",
          "name":"Brian Roberts",
          "email":"brian.roberts@umbrella.com",
          "role":5
       }
    },
    {
       "model":"catalog.member",
       "pk":13,
       "fields":{
          "created_at":"2025-02-10T15:16:14.806Z",
          "updated_at":"2025-02-10T15:16:14.806Z",
          "name":"Laura Mitchell",
          "email":"laura.mitchell@umbrella.com",
          "role":5
       }
    },
    {
       "model":"catalog.member",
       "pk":17,
       "fields":{
          "created_at":"2025-02-10T15:23:52.176Z",
          "updated_at":"2025-02-10T15:23:52.176Z",
          "name":"Henry Adams",
          "email":"henry.adams@umbrella.com",
          "role":15
       }
    },
    {
       "model":"catalog.member",
       "pk":18,
       "fields":{
          "created_at":"2025-02-10T15:24:10.795Z",
          "updated_at":"2025-02-10T15:24:10.795Z",
          "name":"Jessica Brown",
          "email":"jessica.brown@umbrella.com",
          "role":5
       }
    },
    {
       "model":"catalog.member",
       "pk":19,
       "fields":{
          "created_at":"2025-02-10T15:24:29.033Z",
          "updated_at":"2025-02-10T15:24:29.033Z",
          "name":"Liam Parker",
          "email":"liam.parker@umbrella.com",
          "role":5
       }
    },
    {
       "model":"catalog.member",
       "pk":20,
       "fields":{
          "created_at":"2025-02-10T15:24:49.249Z",
          "updated_at":"2025-02-10T15:24:49.249Z",
          "name":"Natalie Evans",
          "email":"natalie.evans@umbrella.com",
          "role":5
       }
    },
    {
       "model":"catalog.member",
       "pk":21,
       "fields":{
          "created_at":"2025-02-10T15:25:04.281Z",
          "updated_at":"2025-02-10T15:25:04.281Z",
          "name":"Oliver Hall",
          "email":"oliver.hall@umbrella.com",
          "role":5
       }
    },
    {
       "model":"catalog.member",
       "pk":22,
       "fields":{
          "created_at":"2025-02-10T15:25:20.319Z",
          "updated_at":"2025-02-10T15:25:20.319Z",
          "name":"Grace Wilson",
          "email":"grace.wilson@umbrella.com",
          "role":10
       }
    },
    {
       "model":"catalog.member",
       "pk":23,
       "fields":{
          "created_at":"2025-02-10T15:25:55.890Z",
          "updated_at":"2025-02-10T15:25:55.890Z",
          "name":"Michael Foster",
          "email":"michael.foster@umbrella.com",
          "role":8
       }
    },
    {
       "model":"catalog.member",
       "pk":24,
       "fields":{
          "created_at":"2025-02-10T15:26:16.520Z",
          "updated_at":"2025-02-10T15:26:16.520Z",
          "name":"Sophia Turner",
          "email":"sophia.turner@umbrella.com",
          "role":18
       }
    },
    {
       "model":"catalog.member",
       "pk":25,
       "fields":{
          "created_at":"2025-02-10T15:26:42.267Z",
          "updated_at":"2025-02-10T15:26:42.267Z",
          "name":"Ethan Phillips",
          "email":"ethan.phillips@umbrella.com",
          "role":15
       }
    },
    {
       "model":"catalog.member",
       "pk":26,
       "fields":{
          "created_at":"2025-02-10T15:26:57.448Z",
          "updated_at":"2025-02-10T15:26:57.448Z",
          "name":"Rachel Simmons",
          "email":"rachel.simmons@umbrella.com",
          "role":5
       }
    },
    {
       "model":"catalog.member",
       "pk":27,
       "fields":{
          "created_at":"2025-02-10T15:27:11.056Z",
          "updated_at":"2025-02-10T15:27:11.056Z",
          "name":"Jason Cooper",
          "email":"jason.cooper@umbrella.com",
          "role":5
       }
    },
    {
       "model":"catalog.member",
       "pk":28,
       "fields":{
          "created_at":"2025-02-10T15:27:33.946Z",
          "updated_at":"2025-02-10T15:27:33.946Z",
          "name":"Megan Torres",
          "email":"megan.torres@umbrella.com",
          "role":5
       }
    },
    {
       "model":"catalog.member",
       "pk":29,
       "fields":{
          "created_at":"2025-02-10T15:27:47.117Z",
          "updated_at":"2025-02-10T15:27:47.117Z",
          "name":"Ryan Bennett",
          "email":"ryan.bennett@umbrella.com",
          "role":5
       }
    },
    {
       "model":"catalog.member",
       "pk":30,
       "fields":{
          "created_at":"2025-02-10T15:28:03.988Z",
          "updated_at":"2025-02-10T15:28:03.988Z",
          "name":"Chloe Martin",
          "email":"chloe.martin@umbrella.com",
          "role":10
       }
    },
    {
       "model":"catalog.member",
       "pk":31,
       "fields":{
          "created_at":"2025-02-10T15:29:00.907Z",
          "updated_at":"2025-02-10T15:29:00.907Z",
          "name":"Thomas Griffin",
          "email":"thomas.griffin@umbrella.com",
          "role":15
       }
    },
    {
       "model":"catalog.member",
       "pk":32,
       "fields":{
          "created_at":"2025-02-10T15:29:17.481Z",
          "updated_at":"2025-02-10T15:29:17.481Z",
          "name":"Ava Richardson",
          "email":"ava.richardson@umbrella.com",
          "role":5
       }
    },
    {
       "model":"catalog.member",
       "pk":33,
       "fields":{
          "created_at":"2025-02-10T15:29:31.775Z",
          "updated_at":"2025-02-10T15:29:31.775Z",
          "name":"Noah Mitchell",
          "email":"noah.mitchell@umbrella.com",
          "role":5
       }
    },
    {
       "model":"catalog.member",
       "pk":34,
       "fields":{
          "created_at":"2025-02-10T15:29:43.621Z",
          "updated_at":"2025-02-10T15:29:43.621Z",
          "name":"Lily Sanders",
          "email":"lily.sanders@umbrella.com",
          "role":5
       }
    },
    {
       "model":"catalog.member",
       "pk":35,
       "fields":{
          "created_at":"2025-02-10T15:30:00.525Z",
          "updated_at":"2025-02-10T15:30:00.525Z",
          "name":"Daniel Carter",
          "email":"daniel.carter@umbrella.com",
          "role":5
       }
    },
    {
       "model":"catalog.member",
       "pk":36,
       "fields":{
          "created_at":"2025-02-10T15:30:19.967Z",
          "updated_at":"2025-02-10T15:30:19.967Z",
          "name":"Mia Thompson",
          "email":"mia.thompson@umbrella.com",
          "role":10
       }
    },
    {
       "model":"catalog.group",
       "pk":1,
       "fields":{
          "created_at":"2025-02-10T02:29:19.222Z",
          "updated_at":"2025-02-13T11:43:47.292Z",
          "name":"Core Team 1",
          "description":"<p><strong>Core Services</strong> form the backbone of the company&rsquo;s technological infrastructure, ensuring security, accessibility, and efficient communication between all other services. These include authentication, user management, notifications, and monitoring, allowing the entire ecosystem to function in an integrated and secure manner.</p>\r\n<p>&nbsp;</p>",
          "parent":null,
          "type":"team",
          "is_active":true,
          "board_url":null,
          "design_url":null,
          "members":[
             1,
             2,
             3,
             4,
             5,
             6,
             7,
             8
          ],
          "other_components":[
             
          ]
       }
    },
    {
       "model":"catalog.group",
       "pk":2,
       "fields":{
          "created_at":"2025-02-10T02:29:40.176Z",
          "updated_at":"2025-02-13T11:46:53.362Z",
          "name":"Core Team 2",
          "description":"<p><strong>Core Services</strong> form the backbone of the company&rsquo;s technological infrastructure, ensuring security, accessibility, and efficient communication between all other services. These include authentication, user management, notifications, and monitoring, allowing the entire ecosystem to function in an integrated and secure manner.</p>",
          "parent":null,
          "type":"team",
          "is_active":true,
          "board_url":null,
          "design_url":null,
          "members":[
             1,
             2,
             9,
             10,
             11,
             12,
             13
          ],
          "other_components":[
             
          ]
       }
    },
    {
       "model":"catalog.group",
       "pk":3,
       "fields":{
          "created_at":"2025-02-10T02:29:56.589Z",
          "updated_at":"2025-02-13T11:48:13.878Z",
          "name":"Credit Team",
          "description":"<p><strong>Credit Services</strong> are responsible for processing and managing credit-related operations, including loan issuance, credit analysis, and payment management. These services enable customers to apply for credit, track their financial obligations, and maintain an up-to-date transaction history.</p>\r\n<p>&nbsp;</p>",
          "parent":null,
          "type":"team",
          "is_active":true,
          "board_url":null,
          "design_url":null,
          "members":[
             23,
             24,
             25,
             26,
             27,
             28,
             29,
             30
          ],
          "other_components":[
             
          ]
       }
    },
    {
       "model":"catalog.group",
       "pk":4,
       "fields":{
          "created_at":"2025-02-10T02:30:14.399Z",
          "updated_at":"2025-02-13T11:49:06.545Z",
          "name":"Investiment Team",
          "description":"<p><strong>Investment Services</strong> provide customers with a platform to invest in various assets, such as stocks, funds, and cryptocurrencies. They include portfolio management, order execution, risk analysis, and access to real-time market data, helping users make informed investment decisions.</p>",
          "parent":null,
          "type":"team",
          "is_active":true,
          "board_url":null,
          "design_url":null,
          "members":[
             32,
             33,
             34,
             35,
             36,
             23,
             24,
             31
          ],
          "other_components":[
             
          ]
       }
    },
    {
       "model":"catalog.group",
       "pk":5,
       "fields":{
          "created_at":"2025-02-10T02:30:31.981Z",
          "updated_at":"2025-02-13T11:50:45.443Z",
          "name":"Wallet Team",
          "description":"<p><strong>Wallet Services</strong> allow users to store, move, and manage their money digitally. They include features such as balance top-ups, payments, transfers, and withdrawals. These services are essential for providing a seamless and secure experience for everyday financial transactions.</p>",
          "parent":null,
          "type":"team",
          "is_active":true,
          "board_url":null,
          "design_url":null,
          "members":[
             1,
             2,
             17,
             18,
             19,
             20,
             21,
             22
          ],
          "other_components":[
             
          ]
       }
    },
    {
       "model":"catalog.group",
       "pk":6,
       "fields":{
          "created_at":"2025-02-10T18:22:19.477Z",
          "updated_at":"2025-02-13T11:50:00.183Z",
          "name":"Platform Team",
          "description":"<p>Description</p>",
          "parent":null,
          "type":"team",
          "is_active":true,
          "board_url":null,
          "design_url":null,
          "members":[
             
          ],
          "other_components":[
             
          ]
       }
    },
    {
       "model":"catalog.macroarea",
       "pk":1,
       "fields":{
          "created_at":"2025-02-10T15:31:12.951Z",
          "updated_at":"2025-02-10T15:31:12.951Z",
          "name":"CREDIT"
       }
    },
    {
       "model":"catalog.macroarea",
       "pk":2,
       "fields":{
          "created_at":"2025-02-10T18:13:03.865Z",
          "updated_at":"2025-02-10T18:13:03.865Z",
          "name":"WALLET"
       }
    },
    {
       "model":"catalog.macroarea",
       "pk":3,
       "fields":{
          "created_at":"2025-02-10T18:15:56.573Z",
          "updated_at":"2025-02-10T18:15:56.573Z",
          "name":"INVESTIMENT"
       }
    },
    {
       "model":"catalog.macroarea",
       "pk":4,
       "fields":{
          "created_at":"2025-02-10T18:21:54.270Z",
          "updated_at":"2025-02-10T18:21:54.270Z",
          "name":"PLATFORM"
       }
    },
    {
       "model":"catalog.macroarea",
       "pk":5,
       "fields":{
          "created_at":"2025-02-10T18:24:59.920Z",
          "updated_at":"2025-02-10T18:24:59.920Z",
          "name":"CORE"
       }
    },
    {
       "model":"catalog.resourcetype",
       "pk":1,
       "fields":{
          "created_at":"2024-12-14T20:44:35.614Z",
          "updated_at":"2024-12-14T20:44:35.614Z",
          "name":"cache"
       }
    },
    {
       "model":"catalog.resourcetype",
       "pk":2,
       "fields":{
          "created_at":"2024-12-14T20:44:35.614Z",
          "updated_at":"2024-12-14T20:44:35.614Z",
          "name":"database"
       }
    },
    {
       "model":"catalog.resourcetype",
       "pk":3,
       "fields":{
          "created_at":"2024-12-14T20:44:35.614Z",
          "updated_at":"2024-12-14T20:44:35.614Z",
          "name":"queue"
       }
    },
    {
       "model":"catalog.resourcetype",
       "pk":4,
       "fields":{
          "created_at":"2024-12-14T20:44:35.614Z",
          "updated_at":"2024-12-14T20:44:35.614Z",
          "name":"network"
       }
    },
    {
       "model":"catalog.resourcetype",
       "pk":5,
       "fields":{
          "created_at":"2024-12-14T20:44:35.614Z",
          "updated_at":"2024-12-14T20:44:35.614Z",
          "name":"3rd party api"
       }
    },
    {
       "model":"catalog.resourcetype",
       "pk":6,
       "fields":{
          "created_at":"2024-12-14T20:44:35.614Z",
          "updated_at":"2024-12-14T20:44:35.614Z",
          "name":"storage"
       }
    },
    {
       "model":"catalog.resourcetype",
       "pk":7,
       "fields":{
          "created_at":"2024-12-14T20:44:35.614Z",
          "updated_at":"2024-12-14T20:44:35.614Z",
          "name":"serveless function"
       }
    },
    {
       "model":"catalog.resourcetype",
       "pk":8,
       "fields":{
          "created_at":"2024-12-14T20:44:35.614Z",
          "updated_at":"2024-12-14T20:44:35.614Z",
          "name":"webhook"
       }
    },
    {
       "model":"catalog.component",
       "pk":1,
       "fields":{
          "created_at":"2025-02-10T15:32:41.798Z",
          "updated_at":"2025-02-13T11:31:04.316Z",
          "name":"credit-service",
          "description":"",
          "repo_id":1,
          "repo_url":"https://www.fake-repo-url-1.com",
          "repo_created_at":null,
          "repo_updated_at":null,
          "repo_pushed_at":null,
          "group_owner":3,
          "type":"api",
          "lifecycle":"production",
          "system":null,
          "context_level":"high",
          "macroarea":1,
          "critical":true,
          "cicd_url":null,
          "is_filled":true,
          "api_doc_url":null,
          "public_api_doc_url":null,
          "components":[
             
          ],
          "resources":[
             
          ]
       }
    },
    {
       "model":"catalog.component",
       "pk":2,
       "fields":{
          "created_at":"2025-02-10T15:33:41.369Z",
          "updated_at":"2025-02-13T11:32:04.831Z",
          "name":"credit-service-hooks",
          "description":"",
          "repo_id":2,
          "repo_url":"https://www.fake-repo-url-2.com",
          "repo_created_at":null,
          "repo_updated_at":null,
          "repo_pushed_at":null,
          "group_owner":3,
          "type":"service",
          "lifecycle":"production",
          "system":null,
          "context_level":"high",
          "macroarea":1,
          "critical":true,
          "cicd_url":null,
          "is_filled":true,
          "api_doc_url":null,
          "public_api_doc_url":null,
          "components":[
             
          ],
          "resources":[
             
          ]
       }
    },
    {
       "model":"catalog.component",
       "pk":3,
       "fields":{
          "created_at":"2025-02-10T15:34:27.506Z",
          "updated_at":"2025-02-13T11:31:54.882Z",
          "name":"credit-service-cron",
          "description":"",
          "repo_id":3,
          "repo_url":"https://www.fake-repo-url-3.com",
          "repo_created_at":null,
          "repo_updated_at":null,
          "repo_pushed_at":null,
          "group_owner":3,
          "type":"service",
          "lifecycle":"production",
          "system":null,
          "context_level":"medium",
          "macroarea":1,
          "critical":true,
          "cicd_url":null,
          "is_filled":true,
          "api_doc_url":null,
          "public_api_doc_url":null,
          "components":[
             
          ],
          "resources":[
             
          ]
       }
    },
    {
       "model":"catalog.component",
       "pk":4,
       "fields":{
          "created_at":"2025-02-10T15:35:16.833Z",
          "updated_at":"2025-02-13T11:31:45.089Z",
          "name":"credit-service-bff",
          "description":"",
          "repo_id":4,
          "repo_url":"https://www.fake-repo-url-4.com",
          "repo_created_at":null,
          "repo_updated_at":null,
          "repo_pushed_at":null,
          "group_owner":3,
          "type":"api",
          "lifecycle":"production",
          "system":null,
          "context_level":"low",
          "macroarea":1,
          "critical":true,
          "cicd_url":null,
          "is_filled":true,
          "api_doc_url":null,
          "public_api_doc_url":null,
          "components":[
             
          ],
          "resources":[
             
          ]
       }
    },
    {
       "model":"catalog.component",
       "pk":5,
       "fields":{
          "created_at":"2025-02-10T18:13:12.638Z",
          "updated_at":"2025-02-13T11:34:19.793Z",
          "name":"wallet-service",
          "description":"",
          "repo_id":5,
          "repo_url":"https://www.fake-repo-url-5.com",
          "repo_created_at":null,
          "repo_updated_at":null,
          "repo_pushed_at":null,
          "group_owner":5,
          "type":"api",
          "lifecycle":"production",
          "system":null,
          "context_level":"high",
          "macroarea":2,
          "critical":true,
          "cicd_url":null,
          "is_filled":true,
          "api_doc_url":null,
          "public_api_doc_url":null,
          "components":[
             
          ],
          "resources":[
             
          ]
       }
    },
    {
       "model":"catalog.component",
       "pk":6,
       "fields":{
          "created_at":"2025-02-10T18:13:54.805Z",
          "updated_at":"2025-02-13T11:55:11.302Z",
          "name":"wallet-service-hooks",
          "description":"",
          "repo_id":6,
          "repo_url":"https://www.fake-repo-url-6.com",
          "repo_created_at":null,
          "repo_updated_at":null,
          "repo_pushed_at":null,
          "group_owner":5,
          "type":"service",
          "lifecycle":"production",
          "system":null,
          "context_level":"high",
          "macroarea":2,
          "critical":true,
          "cicd_url":null,
          "is_filled":true,
          "api_doc_url":null,
          "public_api_doc_url":null,
          "components":[
             
          ],
          "resources":[
             
          ]
       }
    },
    {
       "model":"catalog.component",
       "pk":7,
       "fields":{
          "created_at":"2025-02-10T18:14:25.315Z",
          "updated_at":"2025-02-13T11:34:28.405Z",
          "name":"wallet-service-cron",
          "description":"",
          "repo_id":7,
          "repo_url":"https://www.fake-repo-url-7.com",
          "repo_created_at":null,
          "repo_updated_at":null,
          "repo_pushed_at":null,
          "group_owner":5,
          "type":"service",
          "lifecycle":"production",
          "system":null,
          "context_level":"high",
          "macroarea":2,
          "critical":true,
          "cicd_url":null,
          "is_filled":true,
          "api_doc_url":null,
          "public_api_doc_url":null,
          "components":[
             
          ],
          "resources":[
             
          ]
       }
    },
    {
       "model":"catalog.component",
       "pk":8,
       "fields":{
          "created_at":"2025-02-10T18:14:58.874Z",
          "updated_at":"2025-02-13T11:34:36.017Z",
          "name":"wallet-service-bff",
          "description":"",
          "repo_id":8,
          "repo_url":"https://www.fake-repo-url-8.com",
          "repo_created_at":null,
          "repo_updated_at":null,
          "repo_pushed_at":null,
          "group_owner":5,
          "type":"api",
          "lifecycle":"production",
          "system":null,
          "context_level":"medium",
          "macroarea":2,
          "critical":true,
          "cicd_url":null,
          "is_filled":true,
          "api_doc_url":null,
          "public_api_doc_url":null,
          "components":[
             
          ],
          "resources":[
             
          ]
       }
    },
    {
       "model":"catalog.component",
       "pk":9,
       "fields":{
          "created_at":"2025-02-10T18:16:04.096Z",
          "updated_at":"2025-02-13T11:53:53.979Z",
          "name":"investiment-service",
          "description":"",
          "repo_id":9,
          "repo_url":"https://www.fake-repo-url-9.com",
          "repo_created_at":null,
          "repo_updated_at":null,
          "repo_pushed_at":null,
          "group_owner":4,
          "type":"api",
          "lifecycle":"production",
          "system":null,
          "context_level":"high",
          "macroarea":3,
          "critical":true,
          "cicd_url":null,
          "is_filled":true,
          "api_doc_url":null,
          "public_api_doc_url":null,
          "components":[
             
          ],
          "resources":[
             
          ]
       }
    },
    {
       "model":"catalog.component",
       "pk":10,
       "fields":{
          "created_at":"2025-02-10T18:16:31.574Z",
          "updated_at":"2025-02-13T11:32:48.276Z",
          "name":"investiment-service-hooks",
          "description":"",
          "repo_id":10,
          "repo_url":"https://www.fake-repo-url-10.com",
          "repo_created_at":null,
          "repo_updated_at":null,
          "repo_pushed_at":null,
          "group_owner":4,
          "type":"service",
          "lifecycle":"production",
          "system":null,
          "context_level":"high",
          "macroarea":3,
          "critical":true,
          "cicd_url":null,
          "is_filled":true,
          "api_doc_url":null,
          "public_api_doc_url":null,
          "components":[
             
          ],
          "resources":[
             
          ]
       }
    },
    {
       "model":"catalog.component",
       "pk":11,
       "fields":{
          "created_at":"2025-02-10T18:17:03.928Z",
          "updated_at":"2025-02-13T11:32:38.294Z",
          "name":"investiment-service-cron",
          "description":"",
          "repo_id":11,
          "repo_url":"https://www.fake-repo-url-11.com",
          "repo_created_at":null,
          "repo_updated_at":null,
          "repo_pushed_at":null,
          "group_owner":4,
          "type":"service",
          "lifecycle":"production",
          "system":null,
          "context_level":"low",
          "macroarea":3,
          "critical":false,
          "cicd_url":null,
          "is_filled":true,
          "api_doc_url":null,
          "public_api_doc_url":null,
          "components":[
             
          ],
          "resources":[
             
          ]
       }
    },
    {
       "model":"catalog.component",
       "pk":12,
       "fields":{
          "created_at":"2025-02-10T18:17:38.001Z",
          "updated_at":"2025-02-13T11:32:30.677Z",
          "name":"investiment-service-bff",
          "description":"",
          "repo_id":12,
          "repo_url":"https://www.fake-repo-url-12.com",
          "repo_created_at":null,
          "repo_updated_at":null,
          "repo_pushed_at":null,
          "group_owner":4,
          "type":"api",
          "lifecycle":"production",
          "system":null,
          "context_level":"high",
          "macroarea":3,
          "critical":true,
          "cicd_url":null,
          "is_filled":true,
          "api_doc_url":null,
          "public_api_doc_url":null,
          "components":[
             
          ],
          "resources":[
             
          ]
       }
    },
    {
       "model":"catalog.component",
       "pk":13,
       "fields":{
          "created_at":"2025-02-10T18:22:40.944Z",
          "updated_at":"2025-02-13T11:33:32.259Z",
          "name":"umbrella-app",
          "description":"",
          "repo_id":13,
          "repo_url":"https://www.fake-repo-url-13.com",
          "repo_created_at":null,
          "repo_updated_at":null,
          "repo_pushed_at":null,
          "group_owner":6,
          "type":"app",
          "lifecycle":"production",
          "system":null,
          "context_level":"high",
          "macroarea":4,
          "critical":true,
          "cicd_url":null,
          "is_filled":true,
          "api_doc_url":null,
          "public_api_doc_url":null,
          "components":[
             
          ],
          "resources":[
             
          ]
       }
    },
    {
       "model":"catalog.component",
       "pk":14,
       "fields":{
          "created_at":"2025-02-10T18:23:23.535Z",
          "updated_at":"2025-02-13T11:33:42.023Z",
          "name":"umbrella-app-core",
          "description":"",
          "repo_id":14,
          "repo_url":"https://www.fake-repo-url-14.com",
          "repo_created_at":null,
          "repo_updated_at":null,
          "repo_pushed_at":null,
          "group_owner":6,
          "type":"library",
          "lifecycle":"production",
          "system":null,
          "context_level":"high",
          "macroarea":4,
          "critical":true,
          "cicd_url":null,
          "is_filled":true,
          "api_doc_url":null,
          "public_api_doc_url":null,
          "components":[
             
          ],
          "resources":[
             
          ]
       }
    },
    {
       "model":"catalog.component",
       "pk":15,
       "fields":{
          "created_at":"2025-02-10T18:23:58.485Z",
          "updated_at":"2025-02-13T11:54:40.269Z",
          "name":"umbrella-app-ds",
          "description":"",
          "repo_id":15,
          "repo_url":"https://www.fake-repo-url-15.com",
          "repo_created_at":null,
          "repo_updated_at":null,
          "repo_pushed_at":null,
          "group_owner":6,
          "type":"library",
          "lifecycle":"production",
          "system":null,
          "context_level":"medium",
          "macroarea":4,
          "critical":false,
          "cicd_url":null,
          "is_filled":true,
          "api_doc_url":null,
          "public_api_doc_url":null,
          "components":[
             
          ],
          "resources":[
             
          ]
       }
    },
    {
       "model":"catalog.component",
       "pk":16,
       "fields":{
          "created_at":"2025-02-10T18:25:10.096Z",
          "updated_at":"2025-02-13T11:30:33.893Z",
          "name":"auth-service",
          "description":"",
          "repo_id":16,
          "repo_url":"https://www.fake-repo-url-16.com",
          "repo_created_at":null,
          "repo_updated_at":null,
          "repo_pushed_at":null,
          "group_owner":1,
          "type":"service",
          "lifecycle":"production",
          "system":null,
          "context_level":"medium",
          "macroarea":5,
          "critical":true,
          "cicd_url":null,
          "is_filled":true,
          "api_doc_url":null,
          "public_api_doc_url":null,
          "components":[
             
          ],
          "resources":[
             
          ]
       }
    },
    {
       "model":"catalog.component",
       "pk":17,
       "fields":{
          "created_at":"2025-02-10T18:25:50.789Z",
          "updated_at":"2025-02-13T11:32:57.119Z",
          "name":"logging-service",
          "description":"",
          "repo_id":17,
          "repo_url":"https://www.fake-repo-url-17.com",
          "repo_created_at":null,
          "repo_updated_at":null,
          "repo_pushed_at":null,
          "group_owner":1,
          "type":"library",
          "lifecycle":"production",
          "system":null,
          "context_level":"low",
          "macroarea":5,
          "critical":false,
          "cicd_url":null,
          "is_filled":true,
          "api_doc_url":null,
          "public_api_doc_url":null,
          "components":[
             
          ],
          "resources":[
             
          ]
       }
    },
    {
       "model":"catalog.component",
       "pk":18,
       "fields":{
          "created_at":"2025-02-10T18:26:24.404Z",
          "updated_at":"2025-02-13T11:30:21.870Z",
          "name":"api-gateway",
          "description":"",
          "repo_id":18,
          "repo_url":"https://www.fake-repo-url-18.com",
          "repo_created_at":null,
          "repo_updated_at":null,
          "repo_pushed_at":null,
          "group_owner":1,
          "type":"service",
          "lifecycle":"production",
          "system":null,
          "context_level":"high",
          "macroarea":5,
          "critical":true,
          "cicd_url":null,
          "is_filled":true,
          "api_doc_url":null,
          "public_api_doc_url":null,
          "components":[
             
          ],
          "resources":[
             
          ]
       }
    },
    {
       "model":"catalog.component",
       "pk":19,
       "fields":{
          "created_at":"2025-02-10T18:27:03.864Z",
          "updated_at":"2025-02-13T11:51:51.793Z",
          "name":"fraud-detection-service",
          "description":"",
          "repo_id":19,
          "repo_url":"https://www.fake-repo-url-19.com",
          "repo_created_at":null,
          "repo_updated_at":null,
          "repo_pushed_at":null,
          "group_owner":1,
          "type":"service",
          "lifecycle":"production",
          "system":null,
          "context_level":"medium",
          "macroarea":5,
          "critical":true,
          "cicd_url":null,
          "is_filled":true,
          "api_doc_url":null,
          "public_api_doc_url":null,
          "components":[
             
          ],
          "resources":[
             
          ]
       }
    },
    {
       "model":"catalog.component",
       "pk":20,
       "fields":{
          "created_at":"2025-02-10T18:28:05.953Z",
          "updated_at":"2025-02-13T11:34:12.657Z",
          "name":"umbrella-backoffice-ui",
          "description":"",
          "repo_id":20,
          "repo_url":"https://www.fake-repo-url-20.com",
          "repo_created_at":null,
          "repo_updated_at":null,
          "repo_pushed_at":null,
          "group_owner":2,
          "type":"website",
          "lifecycle":"production",
          "system":null,
          "context_level":"medium",
          "macroarea":5,
          "critical":true,
          "cicd_url":null,
          "is_filled":true,
          "api_doc_url":null,
          "public_api_doc_url":null,
          "components":[
             
          ],
          "resources":[
             
          ]
       }
    },
    {
       "model":"catalog.component",
       "pk":21,
       "fields":{
          "created_at":"2025-02-10T18:28:47.182Z",
          "updated_at":"2025-02-13T11:53:13.629Z",
          "name":"umbrella-backoffice-bff",
          "description":"",
          "repo_id":21,
          "repo_url":"https://www.fake-repo-url-21.com",
          "repo_created_at":null,
          "repo_updated_at":null,
          "repo_pushed_at":null,
          "group_owner":2,
          "type":"api",
          "lifecycle":"production",
          "system":null,
          "context_level":"high",
          "macroarea":5,
          "critical":true,
          "cicd_url":null,
          "is_filled":true,
          "api_doc_url":null,
          "public_api_doc_url":null,
          "components":[
             
          ],
          "resources":[
             
          ]
       }
    },
    {
       "model":"catalog.component",
       "pk":22,
       "fields":{
          "created_at":"2025-02-10T18:29:24.086Z",
          "updated_at":"2025-02-13T11:33:05.783Z",
          "name":"notification-service",
          "description":"",
          "repo_id":22,
          "repo_url":"https://www.fake-repo-url-22.com",
          "repo_created_at":null,
          "repo_updated_at":null,
          "repo_pushed_at":null,
          "group_owner":2,
          "type":"service",
          "lifecycle":"production",
          "system":null,
          "context_level":"high",
          "macroarea":5,
          "critical":true,
          "cicd_url":null,
          "is_filled":true,
          "api_doc_url":null,
          "public_api_doc_url":null,
          "components":[
             
          ],
          "resources":[
             
          ]
       }
    },
    {
       "model":"catalog.componentappclimate",
       "pk":1,
       "fields":{
          "created_at":"2025-02-10T18:34:28.919Z",
          "updated_at":"2025-02-12T20:03:43.420Z",
          "component":2,
          "app_climate_item":1,
          "is_check":false,
          "not_apply":true
       }
    },
    {
       "model":"catalog.componentappclimate",
       "pk":2,
       "fields":{
          "created_at":"2025-02-10T18:34:28.921Z",
          "updated_at":"2025-02-12T20:03:43.420Z",
          "component":2,
          "app_climate_item":2,
          "is_check":false,
          "not_apply":true
       }
    },
    {
       "model":"catalog.componentappclimate",
       "pk":4,
       "fields":{
          "created_at":"2025-02-10T18:34:28.923Z",
          "updated_at":"2025-02-12T20:03:43.419Z",
          "component":2,
          "app_climate_item":4,
          "is_check":false,
          "not_apply":true
       }
    },
    {
       "model":"catalog.componentappclimate",
       "pk":5,
       "fields":{
          "created_at":"2025-02-10T18:34:28.924Z",
          "updated_at":"2025-02-12T20:03:43.420Z",
          "component":2,
          "app_climate_item":5,
          "is_check":true,
          "not_apply":false
       }
    },
    {
       "model":"catalog.componentappclimate",
       "pk":6,
       "fields":{
          "created_at":"2025-02-10T18:34:28.925Z",
          "updated_at":"2025-02-12T20:03:43.420Z",
          "component":2,
          "app_climate_item":6,
          "is_check":true,
          "not_apply":false
       }
    },
    {
       "model":"catalog.componentappclimate",
       "pk":7,
       "fields":{
          "created_at":"2025-02-10T18:34:28.926Z",
          "updated_at":"2025-02-12T20:03:43.421Z",
          "component":2,
          "app_climate_item":7,
          "is_check":true,
          "not_apply":false
       }
    },
    {
       "model":"catalog.componentappclimate",
       "pk":8,
       "fields":{
          "created_at":"2025-02-10T18:34:28.926Z",
          "updated_at":"2025-02-12T20:03:43.421Z",
          "component":2,
          "app_climate_item":8,
          "is_check":true,
          "not_apply":false
       }
    },
    {
       "model":"catalog.componentappclimate",
       "pk":9,
       "fields":{
          "created_at":"2025-02-10T18:34:28.927Z",
          "updated_at":"2025-02-12T20:03:43.421Z",
          "component":2,
          "app_climate_item":9,
          "is_check":true,
          "not_apply":false
       }
    },
    {
       "model":"catalog.componentappclimate",
       "pk":10,
       "fields":{
          "created_at":"2025-02-10T18:34:28.928Z",
          "updated_at":"2025-02-10T18:34:28.928Z",
          "component":2,
          "app_climate_item":10,
          "is_check":false,
          "not_apply":false
       }
    },
    {
       "model":"catalog.componentappclimate",
       "pk":11,
       "fields":{
          "created_at":"2025-02-10T18:34:28.928Z",
          "updated_at":"2025-02-10T18:34:28.928Z",
          "component":2,
          "app_climate_item":11,
          "is_check":false,
          "not_apply":false
       }
    },
    {
       "model":"catalog.componentappclimate",
       "pk":12,
       "fields":{
          "created_at":"2025-02-10T18:34:28.929Z",
          "updated_at":"2025-02-12T20:03:43.422Z",
          "component":2,
          "app_climate_item":12,
          "is_check":true,
          "not_apply":false
       }
    },
    {
       "model":"catalog.componentappclimate",
       "pk":13,
       "fields":{
          "created_at":"2025-02-10T18:34:28.930Z",
          "updated_at":"2025-02-12T20:03:43.422Z",
          "component":2,
          "app_climate_item":13,
          "is_check":true,
          "not_apply":false
       }
    },
    {
       "model":"catalog.componentappclimate",
       "pk":14,
       "fields":{
          "created_at":"2025-02-10T18:34:28.931Z",
          "updated_at":"2025-02-10T18:34:28.931Z",
          "component":2,
          "app_climate_item":14,
          "is_check":false,
          "not_apply":false
       }
    },
    {
       "model":"catalog.componentappclimate",
       "pk":15,
       "fields":{
          "created_at":"2025-02-10T18:34:28.931Z",
          "updated_at":"2025-02-10T18:34:28.931Z",
          "component":2,
          "app_climate_item":15,
          "is_check":false,
          "not_apply":false
       }
    },
    {
       "model":"catalog.componentappclimate",
       "pk":16,
       "fields":{
          "created_at":"2025-02-10T18:34:28.932Z",
          "updated_at":"2025-02-12T20:03:43.423Z",
          "component":2,
          "app_climate_item":16,
          "is_check":true,
          "not_apply":false
       }
    },
    {
       "model":"catalog.componentappclimate",
       "pk":17,
       "fields":{
          "created_at":"2025-02-10T18:34:28.932Z",
          "updated_at":"2025-02-10T18:34:28.932Z",
          "component":2,
          "app_climate_item":17,
          "is_check":false,
          "not_apply":false
       }
    },
    {
       "model":"catalog.componentappclimate",
       "pk":18,
       "fields":{
          "created_at":"2025-02-10T18:34:28.933Z",
          "updated_at":"2025-02-10T18:34:28.933Z",
          "component":2,
          "app_climate_item":18,
          "is_check":false,
          "not_apply":false
       }
    },
    {
       "model":"catalog.componentappclimate",
       "pk":19,
       "fields":{
          "created_at":"2025-02-10T18:34:28.934Z",
          "updated_at":"2025-02-12T20:03:43.422Z",
          "component":2,
          "app_climate_item":19,
          "is_check":true,
          "not_apply":false
       }
    },
    {
       "model":"catalog.componentappclimate",
       "pk":20,
       "fields":{
          "created_at":"2025-02-10T18:34:28.934Z",
          "updated_at":"2025-02-10T18:34:28.934Z",
          "component":2,
          "app_climate_item":20,
          "is_check":false,
          "not_apply":false
       }
    },
    {
       "model":"catalog.componentappclimate",
       "pk":21,
       "fields":{
          "created_at":"2025-02-10T18:34:28.935Z",
          "updated_at":"2025-02-10T18:34:28.935Z",
          "component":2,
          "app_climate_item":21,
          "is_check":false,
          "not_apply":false
       }
    },
    {
       "model":"catalog.componentappclimate",
       "pk":22,
       "fields":{
          "created_at":"2025-02-10T18:34:28.936Z",
          "updated_at":"2025-02-10T18:34:28.936Z",
          "component":2,
          "app_climate_item":22,
          "is_check":false,
          "not_apply":false
       }
    },
    {
       "model":"catalog.componentappclimate",
       "pk":23,
       "fields":{
          "created_at":"2025-02-10T18:34:28.936Z",
          "updated_at":"2025-02-10T18:34:28.936Z",
          "component":2,
          "app_climate_item":23,
          "is_check":false,
          "not_apply":false
       }
    },
    {
       "model":"catalog.componentappclimate",
       "pk":24,
       "fields":{
          "created_at":"2025-02-10T18:34:28.937Z",
          "updated_at":"2025-02-12T20:03:43.423Z",
          "component":2,
          "app_climate_item":24,
          "is_check":false,
          "not_apply":true
       }
    },
    {
       "model":"catalog.componentappclimate",
       "pk":25,
       "fields":{
          "created_at":"2025-02-10T18:34:28.938Z",
          "updated_at":"2025-02-10T18:34:28.938Z",
          "component":2,
          "app_climate_item":25,
          "is_check":false,
          "not_apply":false
       }
    },
    {
       "model":"catalog.componentappclimate",
       "pk":26,
       "fields":{
          "created_at":"2025-02-10T18:34:28.938Z",
          "updated_at":"2025-02-10T18:34:28.938Z",
          "component":2,
          "app_climate_item":26,
          "is_check":false,
          "not_apply":false
       }
    },
    {
       "model":"catalog.componentappclimate",
       "pk":27,
       "fields":{
          "created_at":"2025-02-10T18:34:28.939Z",
          "updated_at":"2025-02-10T18:34:28.939Z",
          "component":3,
          "app_climate_item":1,
          "is_check":false,
          "not_apply":false
       }
    },
    {
       "model":"catalog.componentappclimate",
       "pk":28,
       "fields":{
          "created_at":"2025-02-10T18:34:28.940Z",
          "updated_at":"2025-02-10T18:34:28.940Z",
          "component":3,
          "app_climate_item":2,
          "is_check":false,
          "not_apply":false
       }
    },
    {
       "model":"catalog.componentappclimate",
       "pk":30,
       "fields":{
          "created_at":"2025-02-10T18:34:28.941Z",
          "updated_at":"2025-02-10T18:34:28.941Z",
          "component":3,
          "app_climate_item":4,
          "is_check":false,
          "not_apply":false
       }
    },
    {
       "model":"catalog.componentappclimate",
       "pk":31,
       "fields":{
          "created_at":"2025-02-10T18:34:28.942Z",
          "updated_at":"2025-02-10T18:34:28.942Z",
          "component":3,
          "app_climate_item":5,
          "is_check":false,
          "not_apply":false
       }
    },
    {
       "model":"catalog.componentappclimate",
       "pk":32,
       "fields":{
          "created_at":"2025-02-10T18:34:28.942Z",
          "updated_at":"2025-02-12T20:02:19.455Z",
          "component":3,
          "app_climate_item":6,
          "is_check":true,
          "not_apply":false
       }
    },
    {
       "model":"catalog.componentappclimate",
       "pk":33,
       "fields":{
          "created_at":"2025-02-10T18:34:28.943Z",
          "updated_at":"2025-02-12T20:02:19.455Z",
          "component":3,
          "app_climate_item":7,
          "is_check":true,
          "not_apply":false
       }
    },
    {
       "model":"catalog.componentappclimate",
       "pk":34,
       "fields":{
          "created_at":"2025-02-10T18:34:28.944Z",
          "updated_at":"2025-02-12T20:02:19.455Z",
          "component":3,
          "app_climate_item":8,
          "is_check":true,
          "not_apply":false
       }
    },
    {
       "model":"catalog.componentappclimate",
       "pk":35,
       "fields":{
          "created_at":"2025-02-10T18:34:28.944Z",
          "updated_at":"2025-02-12T20:02:19.456Z",
          "component":3,
          "app_climate_item":9,
          "is_check":true,
          "not_apply":false
       }
    },
    {
       "model":"catalog.componentappclimate",
       "pk":36,
       "fields":{
          "created_at":"2025-02-10T18:34:28.945Z",
          "updated_at":"2025-02-10T18:34:28.945Z",
          "component":3,
          "app_climate_item":10,
          "is_check":false,
          "not_apply":false
       }
    },
    {
       "model":"catalog.componentappclimate",
       "pk":37,
       "fields":{
          "created_at":"2025-02-10T18:34:28.946Z",
          "updated_at":"2025-02-10T18:34:28.946Z",
          "component":3,
          "app_climate_item":11,
          "is_check":false,
          "not_apply":false
       }
    },
    {
       "model":"catalog.componentappclimate",
       "pk":38,
       "fields":{
          "created_at":"2025-02-10T18:34:28.946Z",
          "updated_at":"2025-02-12T20:02:19.456Z",
          "component":3,
          "app_climate_item":12,
          "is_check":true,
          "not_apply":false
       }
    },
    {
       "model":"catalog.componentappclimate",
       "pk":39,
       "fields":{
          "created_at":"2025-02-10T18:34:28.947Z",
          "updated_at":"2025-02-12T20:02:19.456Z",
          "component":3,
          "app_climate_item":13,
          "is_check":true,
          "not_apply":false
       }
    },
    {
       "model":"catalog.componentappclimate",
       "pk":40,
       "fields":{
          "created_at":"2025-02-10T18:34:28.948Z",
          "updated_at":"2025-02-10T18:34:28.948Z",
          "component":3,
          "app_climate_item":14,
          "is_check":false,
          "not_apply":false
       }
    },
    {
       "model":"catalog.componentappclimate",
       "pk":41,
       "fields":{
          "created_at":"2025-02-10T18:34:28.948Z",
          "updated_at":"2025-02-10T18:34:28.948Z",
          "component":3,
          "app_climate_item":15,
          "is_check":false,
          "not_apply":false
       }
    },
    {
       "model":"catalog.componentappclimate",
       "pk":42,
       "fields":{
          "created_at":"2025-02-10T18:34:28.949Z",
          "updated_at":"2025-02-12T20:02:19.457Z",
          "component":3,
          "app_climate_item":16,
          "is_check":true,
          "not_apply":false
       }
    },
    {
       "model":"catalog.componentappclimate",
       "pk":43,
       "fields":{
          "created_at":"2025-02-10T18:34:28.950Z",
          "updated_at":"2025-02-12T20:02:19.457Z",
          "component":3,
          "app_climate_item":17,
          "is_check":true,
          "not_apply":false
       }
    },
    {
       "model":"catalog.componentappclimate",
       "pk":44,
       "fields":{
          "created_at":"2025-02-10T18:34:28.951Z",
          "updated_at":"2025-02-10T18:34:28.951Z",
          "component":3,
          "app_climate_item":18,
          "is_check":false,
          "not_apply":false
       }
    },
    {
       "model":"catalog.componentappclimate",
       "pk":45,
       "fields":{
          "created_at":"2025-02-10T18:34:28.951Z",
          "updated_at":"2025-02-12T20:02:19.457Z",
          "component":3,
          "app_climate_item":19,
          "is_check":true,
          "not_apply":false
       }
    },
    {
       "model":"catalog.componentappclimate",
       "pk":46,
       "fields":{
          "created_at":"2025-02-10T18:34:28.952Z",
          "updated_at":"2025-02-10T18:34:28.952Z",
          "component":3,
          "app_climate_item":20,
          "is_check":false,
          "not_apply":false
       }
    },
    {
       "model":"catalog.componentappclimate",
       "pk":47,
       "fields":{
          "created_at":"2025-02-10T18:34:28.952Z",
          "updated_at":"2025-02-10T18:34:28.952Z",
          "component":3,
          "app_climate_item":21,
          "is_check":false,
          "not_apply":false
       }
    },
    {
       "model":"catalog.componentappclimate",
       "pk":48,
       "fields":{
          "created_at":"2025-02-10T18:34:28.953Z",
          "updated_at":"2025-02-10T18:34:28.953Z",
          "component":3,
          "app_climate_item":22,
          "is_check":false,
          "not_apply":false
       }
    },
    {
       "model":"catalog.componentappclimate",
       "pk":49,
       "fields":{
          "created_at":"2025-02-10T18:34:28.954Z",
          "updated_at":"2025-02-10T18:34:28.954Z",
          "component":3,
          "app_climate_item":23,
          "is_check":false,
          "not_apply":false
       }
    },
    {
       "model":"catalog.componentappclimate",
       "pk":50,
       "fields":{
          "created_at":"2025-02-10T18:34:28.954Z",
          "updated_at":"2025-02-12T20:02:19.457Z",
          "component":3,
          "app_climate_item":24,
          "is_check":false,
          "not_apply":true
       }
    },
    {
       "model":"catalog.componentappclimate",
       "pk":51,
       "fields":{
          "created_at":"2025-02-10T18:34:28.955Z",
          "updated_at":"2025-02-10T18:34:28.955Z",
          "component":3,
          "app_climate_item":25,
          "is_check":false,
          "not_apply":false
       }
    },
    {
       "model":"catalog.componentappclimate",
       "pk":52,
       "fields":{
          "created_at":"2025-02-10T18:34:28.956Z",
          "updated_at":"2025-02-10T18:34:28.956Z",
          "component":3,
          "app_climate_item":26,
          "is_check":false,
          "not_apply":false
       }
    },
    {
       "model":"catalog.componentappclimate",
       "pk":53,
       "fields":{
          "created_at":"2025-02-10T18:34:28.956Z",
          "updated_at":"2025-02-12T20:01:00.983Z",
          "component":4,
          "app_climate_item":1,
          "is_check":false,
          "not_apply":true
       }
    },
    {
       "model":"catalog.componentappclimate",
       "pk":54,
       "fields":{
          "created_at":"2025-02-10T18:34:28.957Z",
          "updated_at":"2025-02-12T20:01:00.984Z",
          "component":4,
          "app_climate_item":2,
          "is_check":false,
          "not_apply":true
       }
    },
    {
       "model":"catalog.componentappclimate",
       "pk":56,
       "fields":{
          "created_at":"2025-02-10T18:34:28.958Z",
          "updated_at":"2025-02-12T20:01:00.983Z",
          "component":4,
          "app_climate_item":4,
          "is_check":false,
          "not_apply":true
       }
    },
    {
       "model":"catalog.componentappclimate",
       "pk":57,
       "fields":{
          "created_at":"2025-02-10T18:34:28.959Z",
          "updated_at":"2025-02-12T20:01:00.983Z",
          "component":4,
          "app_climate_item":5,
          "is_check":true,
          "not_apply":false
       }
    },
    {
       "model":"catalog.componentappclimate",
       "pk":58,
       "fields":{
          "created_at":"2025-02-10T18:34:28.960Z",
          "updated_at":"2025-02-12T20:01:00.983Z",
          "component":4,
          "app_climate_item":6,
          "is_check":true,
          "not_apply":false
       }
    },
    {
       "model":"catalog.componentappclimate",
       "pk":59,
       "fields":{
          "created_at":"2025-02-10T18:34:28.960Z",
          "updated_at":"2025-02-12T20:01:00.984Z",
          "component":4,
          "app_climate_item":7,
          "is_check":true,
          "not_apply":false
       }
    },
    {
       "model":"catalog.componentappclimate",
       "pk":60,
       "fields":{
          "created_at":"2025-02-10T18:34:28.961Z",
          "updated_at":"2025-02-12T20:01:00.984Z",
          "component":4,
          "app_climate_item":8,
          "is_check":true,
          "not_apply":false
       }
    },
    {
       "model":"catalog.componentappclimate",
       "pk":61,
       "fields":{
          "created_at":"2025-02-10T18:34:28.961Z",
          "updated_at":"2025-02-12T20:01:00.985Z",
          "component":4,
          "app_climate_item":9,
          "is_check":true,
          "not_apply":false
       }
    },
    {
       "model":"catalog.componentappclimate",
       "pk":62,
       "fields":{
          "created_at":"2025-02-10T18:34:28.962Z",
          "updated_at":"2025-02-10T18:34:28.962Z",
          "component":4,
          "app_climate_item":10,
          "is_check":false,
          "not_apply":false
       }
    },
    {
       "model":"catalog.componentappclimate",
       "pk":63,
       "fields":{
          "created_at":"2025-02-10T18:34:28.963Z",
          "updated_at":"2025-02-10T18:34:28.963Z",
          "component":4,
          "app_climate_item":11,
          "is_check":false,
          "not_apply":false
       }
    },
    {
       "model":"catalog.componentappclimate",
       "pk":64,
       "fields":{
          "created_at":"2025-02-10T18:34:28.963Z",
          "updated_at":"2025-02-12T20:01:00.985Z",
          "component":4,
          "app_climate_item":12,
          "is_check":true,
          "not_apply":false
       }
    },
    {
       "model":"catalog.componentappclimate",
       "pk":65,
       "fields":{
          "created_at":"2025-02-10T18:34:28.964Z",
          "updated_at":"2025-02-12T20:01:00.985Z",
          "component":4,
          "app_climate_item":13,
          "is_check":true,
          "not_apply":false
       }
    },
    {
       "model":"catalog.componentappclimate",
       "pk":66,
       "fields":{
          "created_at":"2025-02-10T18:34:28.965Z",
          "updated_at":"2025-02-10T18:34:28.965Z",
          "component":4,
          "app_climate_item":14,
          "is_check":false,
          "not_apply":false
       }
    },
    {
       "model":"catalog.componentappclimate",
       "pk":67,
       "fields":{
          "created_at":"2025-02-10T18:34:28.965Z",
          "updated_at":"2025-02-12T20:01:00.986Z",
          "component":4,
          "app_climate_item":15,
          "is_check":true,
          "not_apply":false
       }
    },
    {
       "model":"catalog.componentappclimate",
       "pk":68,
       "fields":{
          "created_at":"2025-02-10T18:34:28.966Z",
          "updated_at":"2025-02-12T20:01:00.988Z",
          "component":4,
          "app_climate_item":16,
          "is_check":true,
          "not_apply":false
       }
    },
    {
       "model":"catalog.componentappclimate",
       "pk":69,
       "fields":{
          "created_at":"2025-02-10T18:34:28.966Z",
          "updated_at":"2025-02-12T20:01:00.986Z",
          "component":4,
          "app_climate_item":17,
          "is_check":true,
          "not_apply":false
       }
    },
    {
       "model":"catalog.componentappclimate",
       "pk":70,
       "fields":{
          "created_at":"2025-02-10T18:34:28.967Z",
          "updated_at":"2025-02-12T20:01:00.986Z",
          "component":4,
          "app_climate_item":18,
          "is_check":true,
          "not_apply":false
       }
    },
    {
       "model":"catalog.componentappclimate",
       "pk":71,
       "fields":{
          "created_at":"2025-02-10T18:34:28.968Z",
          "updated_at":"2025-02-12T20:01:00.987Z",
          "component":4,
          "app_climate_item":19,
          "is_check":true,
          "not_apply":false
       }
    },
    {
       "model":"catalog.componentappclimate",
       "pk":72,
       "fields":{
          "created_at":"2025-02-10T18:34:28.968Z",
          "updated_at":"2025-02-12T20:01:00.987Z",
          "component":4,
          "app_climate_item":20,
          "is_check":true,
          "not_apply":false
       }
    },
    {
       "model":"catalog.componentappclimate",
       "pk":73,
       "fields":{
          "created_at":"2025-02-10T18:34:28.969Z",
          "updated_at":"2025-02-12T20:01:00.987Z",
          "component":4,
          "app_climate_item":21,
          "is_check":true,
          "not_apply":false
       }
    },
    {
       "model":"catalog.componentappclimate",
       "pk":74,
       "fields":{
          "created_at":"2025-02-10T18:34:28.970Z",
          "updated_at":"2025-02-10T18:34:28.970Z",
          "component":4,
          "app_climate_item":22,
          "is_check":false,
          "not_apply":false
       }
    },
    {
       "model":"catalog.componentappclimate",
       "pk":75,
       "fields":{
          "created_at":"2025-02-10T18:34:28.970Z",
          "updated_at":"2025-02-12T20:01:00.988Z",
          "component":4,
          "app_climate_item":23,
          "is_check":true,
          "not_apply":false
       }
    },
    {
       "model":"catalog.componentappclimate",
       "pk":76,
       "fields":{
          "created_at":"2025-02-10T18:34:28.971Z",
          "updated_at":"2025-02-12T20:01:00.988Z",
          "component":4,
          "app_climate_item":24,
          "is_check":false,
          "not_apply":true
       }
    },
    {
       "model":"catalog.componentappclimate",
       "pk":77,
       "fields":{
          "created_at":"2025-02-10T18:34:28.972Z",
          "updated_at":"2025-02-10T18:34:28.972Z",
          "component":4,
          "app_climate_item":25,
          "is_check":false,
          "not_apply":false
       }
    },
    {
       "model":"catalog.componentappclimate",
       "pk":78,
       "fields":{
          "created_at":"2025-02-10T18:34:28.972Z",
          "updated_at":"2025-02-12T20:01:00.988Z",
          "component":4,
          "app_climate_item":26,
          "is_check":true,
          "not_apply":false
       }
    },
    {
       "model":"catalog.componentappclimate",
       "pk":79,
       "fields":{
          "created_at":"2025-02-10T18:34:28.973Z",
          "updated_at":"2025-02-12T20:19:39.789Z",
          "component":5,
          "app_climate_item":1,
          "is_check":true,
          "not_apply":false
       }
    },
    {
       "model":"catalog.componentappclimate",
       "pk":80,
       "fields":{
          "created_at":"2025-02-10T18:34:28.974Z",
          "updated_at":"2025-02-12T20:19:39.789Z",
          "component":5,
          "app_climate_item":2,
          "is_check":true,
          "not_apply":false
       }
    },
    {
       "model":"catalog.componentappclimate",
       "pk":82,
       "fields":{
          "created_at":"2025-02-10T18:34:28.975Z",
          "updated_at":"2025-02-12T20:19:39.788Z",
          "component":5,
          "app_climate_item":4,
          "is_check":true,
          "not_apply":false
       }
    },
    {
       "model":"catalog.componentappclimate",
       "pk":83,
       "fields":{
          "created_at":"2025-02-10T18:34:28.976Z",
          "updated_at":"2025-02-12T20:19:39.788Z",
          "component":5,
          "app_climate_item":5,
          "is_check":true,
          "not_apply":false
       }
    },
    {
       "model":"catalog.componentappclimate",
       "pk":84,
       "fields":{
          "created_at":"2025-02-10T18:34:28.976Z",
          "updated_at":"2025-02-12T20:19:39.789Z",
          "component":5,
          "app_climate_item":6,
          "is_check":true,
          "not_apply":false
       }
    },
    {
       "model":"catalog.componentappclimate",
       "pk":85,
       "fields":{
          "created_at":"2025-02-10T18:34:28.977Z",
          "updated_at":"2025-02-12T20:19:39.790Z",
          "component":5,
          "app_climate_item":7,
          "is_check":true,
          "not_apply":false
       }
    },
    {
       "model":"catalog.componentappclimate",
       "pk":86,
       "fields":{
          "created_at":"2025-02-10T18:34:28.977Z",
          "updated_at":"2025-02-12T20:19:39.790Z",
          "component":5,
          "app_climate_item":8,
          "is_check":true,
          "not_apply":false
       }
    },
    {
       "model":"catalog.componentappclimate",
       "pk":87,
       "fields":{
          "created_at":"2025-02-10T18:34:28.978Z",
          "updated_at":"2025-02-12T20:19:39.790Z",
          "component":5,
          "app_climate_item":9,
          "is_check":true,
          "not_apply":false
       }
    },
    {
       "model":"catalog.componentappclimate",
       "pk":88,
       "fields":{
          "created_at":"2025-02-10T18:34:28.979Z",
          "updated_at":"2025-02-12T20:19:39.791Z",
          "component":5,
          "app_climate_item":10,
          "is_check":true,
          "not_apply":false
       }
    },
    {
       "model":"catalog.componentappclimate",
       "pk":89,
       "fields":{
          "created_at":"2025-02-10T18:34:28.979Z",
          "updated_at":"2025-02-12T20:19:39.791Z",
          "component":5,
          "app_climate_item":11,
          "is_check":true,
          "not_apply":false
       }
    },
    {
       "model":"catalog.componentappclimate",
       "pk":90,
       "fields":{
          "created_at":"2025-02-10T18:34:28.980Z",
          "updated_at":"2025-02-12T20:19:39.792Z",
          "component":5,
          "app_climate_item":12,
          "is_check":true,
          "not_apply":false
       }
    },
    {
       "model":"catalog.componentappclimate",
       "pk":91,
       "fields":{
          "created_at":"2025-02-10T18:34:28.981Z",
          "updated_at":"2025-02-12T20:19:39.791Z",
          "component":5,
          "app_climate_item":13,
          "is_check":true,
          "not_apply":false
       }
    },
    {
       "model":"catalog.componentappclimate",
       "pk":92,
       "fields":{
          "created_at":"2025-02-10T18:34:28.981Z",
          "updated_at":"2025-02-12T20:19:39.790Z",
          "component":5,
          "app_climate_item":14,
          "is_check":true,
          "not_apply":false
       }
    },
    {
       "model":"catalog.componentappclimate",
       "pk":93,
       "fields":{
          "created_at":"2025-02-10T18:34:28.982Z",
          "updated_at":"2025-02-10T18:34:28.982Z",
          "component":5,
          "app_climate_item":15,
          "is_check":false,
          "not_apply":false
       }
    },
    {
       "model":"catalog.componentappclimate",
       "pk":94,
       "fields":{
          "created_at":"2025-02-10T18:34:28.983Z",
          "updated_at":"2025-02-12T20:19:39.793Z",
          "component":5,
          "app_climate_item":16,
          "is_check":true,
          "not_apply":false
       }
    },
    {
       "model":"catalog.componentappclimate",
       "pk":95,
       "fields":{
          "created_at":"2025-02-10T18:34:28.983Z",
          "updated_at":"2025-02-12T20:19:39.792Z",
          "component":5,
          "app_climate_item":17,
          "is_check":true,
          "not_apply":false
       }
    },
    {
       "model":"catalog.componentappclimate",
       "pk":96,
       "fields":{
          "created_at":"2025-02-10T18:34:28.984Z",
          "updated_at":"2025-02-10T18:34:28.984Z",
          "component":5,
          "app_climate_item":18,
          "is_check":false,
          "not_apply":false
       }
    },
    {
       "model":"catalog.componentappclimate",
       "pk":97,
       "fields":{
          "created_at":"2025-02-10T18:34:28.985Z",
          "updated_at":"2025-02-12T20:19:39.792Z",
          "component":5,
          "app_climate_item":19,
          "is_check":true,
          "not_apply":false
       }
    },
    {
       "model":"catalog.componentappclimate",
       "pk":98,
       "fields":{
          "created_at":"2025-02-10T18:34:28.985Z",
          "updated_at":"2025-02-12T20:19:39.793Z",
          "component":5,
          "app_climate_item":20,
          "is_check":true,
          "not_apply":false
       }
    },
    {
       "model":"catalog.componentappclimate",
       "pk":99,
       "fields":{
          "created_at":"2025-02-10T18:34:28.986Z",
          "updated_at":"2025-02-10T18:34:28.986Z",
          "component":5,
          "app_climate_item":21,
          "is_check":false,
          "not_apply":false
       }
    },
    {
       "model":"catalog.componentappclimate",
       "pk":100,
       "fields":{
          "created_at":"2025-02-10T18:34:28.987Z",
          "updated_at":"2025-02-10T18:34:28.987Z",
          "component":5,
          "app_climate_item":22,
          "is_check":false,
          "not_apply":false
       }
    },
    {
       "model":"catalog.componentappclimate",
       "pk":101,
       "fields":{
          "created_at":"2025-02-10T18:34:28.987Z",
          "updated_at":"2025-02-12T20:19:39.794Z",
          "component":5,
          "app_climate_item":23,
          "is_check":true,
          "not_apply":false
       }
    },
    {
       "model":"catalog.componentappclimate",
       "pk":102,
       "fields":{
          "created_at":"2025-02-10T18:34:28.988Z",
          "updated_at":"2025-02-12T20:19:39.793Z",
          "component":5,
          "app_climate_item":24,
          "is_check":false,
          "not_apply":true
       }
    },
    {
       "model":"catalog.componentappclimate",
       "pk":103,
       "fields":{
          "created_at":"2025-02-10T18:34:28.988Z",
          "updated_at":"2025-02-12T20:19:39.793Z",
          "component":5,
          "app_climate_item":25,
          "is_check":true,
          "not_apply":false
       }
    },
    {
       "model":"catalog.componentappclimate",
       "pk":104,
       "fields":{
          "created_at":"2025-02-10T18:34:28.989Z",
          "updated_at":"2025-02-12T20:19:39.794Z",
          "component":5,
          "app_climate_item":26,
          "is_check":true,
          "not_apply":false
       }
    },
    {
       "model":"catalog.componentappclimate",
       "pk":105,
       "fields":{
          "created_at":"2025-02-10T18:34:28.990Z",
          "updated_at":"2025-02-10T18:34:28.990Z",
          "component":6,
          "app_climate_item":1,
          "is_check":false,
          "not_apply":false
       }
    },
    {
       "model":"catalog.componentappclimate",
       "pk":106,
       "fields":{
          "created_at":"2025-02-10T18:34:28.991Z",
          "updated_at":"2025-02-10T18:34:28.991Z",
          "component":6,
          "app_climate_item":2,
          "is_check":false,
          "not_apply":false
       }
    },
    {
       "model":"catalog.componentappclimate",
       "pk":108,
       "fields":{
          "created_at":"2025-02-10T18:34:28.992Z",
          "updated_at":"2025-02-10T18:34:28.992Z",
          "component":6,
          "app_climate_item":4,
          "is_check":false,
          "not_apply":false
       }
    },
    {
       "model":"catalog.componentappclimate",
       "pk":109,
       "fields":{
          "created_at":"2025-02-10T18:34:28.993Z",
          "updated_at":"2025-02-10T18:34:28.993Z",
          "component":6,
          "app_climate_item":5,
          "is_check":false,
          "not_apply":false
       }
    },
    {
       "model":"catalog.componentappclimate",
       "pk":110,
       "fields":{
          "created_at":"2025-02-10T18:34:28.993Z",
          "updated_at":"2025-02-12T20:24:59.080Z",
          "component":6,
          "app_climate_item":6,
          "is_check":true,
          "not_apply":false
       }
    },
    {
       "model":"catalog.componentappclimate",
       "pk":111,
       "fields":{
          "created_at":"2025-02-10T18:34:28.994Z",
          "updated_at":"2025-02-12T20:24:59.080Z",
          "component":6,
          "app_climate_item":7,
          "is_check":true,
          "not_apply":false
       }
    },
    {
       "model":"catalog.componentappclimate",
       "pk":112,
       "fields":{
          "created_at":"2025-02-10T18:34:28.994Z",
          "updated_at":"2025-02-12T20:24:59.081Z",
          "component":6,
          "app_climate_item":8,
          "is_check":true,
          "not_apply":false
       }
    },
    {
       "model":"catalog.componentappclimate",
       "pk":113,
       "fields":{
          "created_at":"2025-02-10T18:34:28.995Z",
          "updated_at":"2025-02-12T20:24:59.081Z",
          "component":6,
          "app_climate_item":9,
          "is_check":true,
          "not_apply":false
       }
    },
    {
       "model":"catalog.componentappclimate",
       "pk":114,
       "fields":{
          "created_at":"2025-02-10T18:34:28.996Z",
          "updated_at":"2025-02-10T18:34:28.996Z",
          "component":6,
          "app_climate_item":10,
          "is_check":false,
          "not_apply":false
       }
    },
    {
       "model":"catalog.componentappclimate",
       "pk":115,
       "fields":{
          "created_at":"2025-02-10T18:34:28.996Z",
          "updated_at":"2025-02-10T18:34:28.996Z",
          "component":6,
          "app_climate_item":11,
          "is_check":false,
          "not_apply":false
       }
    },
    {
       "model":"catalog.componentappclimate",
       "pk":116,
       "fields":{
          "created_at":"2025-02-10T18:34:28.997Z",
          "updated_at":"2025-02-10T18:34:28.997Z",
          "component":6,
          "app_climate_item":12,
          "is_check":false,
          "not_apply":false
       }
    },
    {
       "model":"catalog.componentappclimate",
       "pk":117,
       "fields":{
          "created_at":"2025-02-10T18:34:28.998Z",
          "updated_at":"2025-02-12T20:24:59.081Z",
          "component":6,
          "app_climate_item":13,
          "is_check":true,
          "not_apply":false
       }
    },
    {
       "model":"catalog.componentappclimate",
       "pk":118,
       "fields":{
          "created_at":"2025-02-10T18:34:28.998Z",
          "updated_at":"2025-02-10T18:34:28.998Z",
          "component":6,
          "app_climate_item":14,
          "is_check":false,
          "not_apply":false
       }
    },
    {
       "model":"catalog.componentappclimate",
       "pk":119,
       "fields":{
          "created_at":"2025-02-10T18:34:28.999Z",
          "updated_at":"2025-02-10T18:34:28.999Z",
          "component":6,
          "app_climate_item":15,
          "is_check":false,
          "not_apply":false
       }
    },
    {
       "model":"catalog.componentappclimate",
       "pk":120,
       "fields":{
          "created_at":"2025-02-10T18:34:28.999Z",
          "updated_at":"2025-02-12T20:24:59.082Z",
          "component":6,
          "app_climate_item":16,
          "is_check":true,
          "not_apply":false
       }
    },
    {
       "model":"catalog.componentappclimate",
       "pk":121,
       "fields":{
          "created_at":"2025-02-10T18:34:29.000Z",
          "updated_at":"2025-02-10T18:34:29.000Z",
          "component":6,
          "app_climate_item":17,
          "is_check":false,
          "not_apply":false
       }
    },
    {
       "model":"catalog.componentappclimate",
       "pk":122,
       "fields":{
          "created_at":"2025-02-10T18:34:29.001Z",
          "updated_at":"2025-02-10T18:34:29.001Z",
          "component":6,
          "app_climate_item":18,
          "is_check":false,
          "not_apply":false
       }
    },
    {
       "model":"catalog.componentappclimate",
       "pk":123,
       "fields":{
          "created_at":"2025-02-10T18:34:29.001Z",
          "updated_at":"2025-02-12T20:24:59.082Z",
          "component":6,
          "app_climate_item":19,
          "is_check":true,
          "not_apply":false
       }
    },
    {
       "model":"catalog.componentappclimate",
       "pk":124,
       "fields":{
          "created_at":"2025-02-10T18:34:29.002Z",
          "updated_at":"2025-02-12T20:24:59.082Z",
          "component":6,
          "app_climate_item":20,
          "is_check":true,
          "not_apply":false
       }
    },
    {
       "model":"catalog.componentappclimate",
       "pk":125,
       "fields":{
          "created_at":"2025-02-10T18:34:29.002Z",
          "updated_at":"2025-02-10T18:34:29.002Z",
          "component":6,
          "app_climate_item":21,
          "is_check":false,
          "not_apply":false
       }
    },
    {
       "model":"catalog.componentappclimate",
       "pk":126,
       "fields":{
          "created_at":"2025-02-10T18:34:29.003Z",
          "updated_at":"2025-02-10T18:34:29.003Z",
          "component":6,
          "app_climate_item":22,
          "is_check":false,
          "not_apply":false
       }
    },
    {
       "model":"catalog.componentappclimate",
       "pk":127,
       "fields":{
          "created_at":"2025-02-10T18:34:29.004Z",
          "updated_at":"2025-02-10T18:34:29.004Z",
          "component":6,
          "app_climate_item":23,
          "is_check":false,
          "not_apply":false
       }
    },
    {
       "model":"catalog.componentappclimate",
       "pk":128,
       "fields":{
          "created_at":"2025-02-10T18:34:29.004Z",
          "updated_at":"2025-02-10T18:34:29.004Z",
          "component":6,
          "app_climate_item":24,
          "is_check":false,
          "not_apply":false
       }
    },
    {
       "model":"catalog.componentappclimate",
       "pk":129,
       "fields":{
          "created_at":"2025-02-10T18:34:29.005Z",
          "updated_at":"2025-02-12T20:24:59.082Z",
          "component":6,
          "app_climate_item":25,
          "is_check":false,
          "not_apply":true
       }
    },
    {
       "model":"catalog.componentappclimate",
       "pk":130,
       "fields":{
          "created_at":"2025-02-10T18:34:29.006Z",
          "updated_at":"2025-02-10T18:34:29.006Z",
          "component":6,
          "app_climate_item":26,
          "is_check":false,
          "not_apply":false
       }
    },
    {
       "model":"catalog.componentappclimate",
       "pk":131,
       "fields":{
          "created_at":"2025-02-10T18:34:29.006Z",
          "updated_at":"2025-02-10T18:34:29.006Z",
          "component":7,
          "app_climate_item":1,
          "is_check":false,
          "not_apply":false
       }
    },
    {
       "model":"catalog.componentappclimate",
       "pk":132,
       "fields":{
          "created_at":"2025-02-10T18:34:29.007Z",
          "updated_at":"2025-02-12T20:23:47.507Z",
          "component":7,
          "app_climate_item":2,
          "is_check":true,
          "not_apply":false
       }
    },
    {
       "model":"catalog.componentappclimate",
       "pk":134,
       "fields":{
          "created_at":"2025-02-10T18:34:29.008Z",
          "updated_at":"2025-02-12T20:23:47.506Z",
          "component":7,
          "app_climate_item":4,
          "is_check":true,
          "not_apply":false
       }
    },
    {
       "model":"catalog.componentappclimate",
       "pk":135,
       "fields":{
          "created_at":"2025-02-10T18:34:29.009Z",
          "updated_at":"2025-02-10T18:34:29.009Z",
          "component":7,
          "app_climate_item":5,
          "is_check":false,
          "not_apply":false
       }
    },
    {
       "model":"catalog.componentappclimate",
       "pk":136,
       "fields":{
          "created_at":"2025-02-10T18:34:29.009Z",
          "updated_at":"2025-02-12T20:23:47.507Z",
          "component":7,
          "app_climate_item":6,
          "is_check":true,
          "not_apply":false
       }
    },
    {
       "model":"catalog.componentappclimate",
       "pk":137,
       "fields":{
          "created_at":"2025-02-10T18:34:29.010Z",
          "updated_at":"2025-02-12T20:23:47.507Z",
          "component":7,
          "app_climate_item":7,
          "is_check":true,
          "not_apply":false
       }
    },
    {
       "model":"catalog.componentappclimate",
       "pk":138,
       "fields":{
          "created_at":"2025-02-10T18:34:29.011Z",
          "updated_at":"2025-02-12T20:23:47.508Z",
          "component":7,
          "app_climate_item":8,
          "is_check":true,
          "not_apply":false
       }
    },
    {
       "model":"catalog.componentappclimate",
       "pk":139,
       "fields":{
          "created_at":"2025-02-10T18:34:29.011Z",
          "updated_at":"2025-02-12T20:23:47.508Z",
          "component":7,
          "app_climate_item":9,
          "is_check":true,
          "not_apply":false
       }
    },
    {
       "model":"catalog.componentappclimate",
       "pk":140,
       "fields":{
          "created_at":"2025-02-10T18:34:29.012Z",
          "updated_at":"2025-02-10T18:34:29.012Z",
          "component":7,
          "app_climate_item":10,
          "is_check":false,
          "not_apply":false
       }
    },
    {
       "model":"catalog.componentappclimate",
       "pk":141,
       "fields":{
          "created_at":"2025-02-10T18:34:29.013Z",
          "updated_at":"2025-02-12T20:23:47.509Z",
          "component":7,
          "app_climate_item":11,
          "is_check":true,
          "not_apply":false
       }
    },
    {
       "model":"catalog.componentappclimate",
       "pk":142,
       "fields":{
          "created_at":"2025-02-10T18:34:29.013Z",
          "updated_at":"2025-02-10T18:34:29.013Z",
          "component":7,
          "app_climate_item":12,
          "is_check":false,
          "not_apply":false
       }
    },
    {
       "model":"catalog.componentappclimate",
       "pk":143,
       "fields":{
          "created_at":"2025-02-10T18:34:29.014Z",
          "updated_at":"2025-02-12T20:23:47.508Z",
          "component":7,
          "app_climate_item":13,
          "is_check":true,
          "not_apply":false
       }
    },
    {
       "model":"catalog.componentappclimate",
       "pk":144,
       "fields":{
          "created_at":"2025-02-10T18:34:29.014Z",
          "updated_at":"2025-02-10T18:34:29.014Z",
          "component":7,
          "app_climate_item":14,
          "is_check":false,
          "not_apply":false
       }
    },
    {
       "model":"catalog.componentappclimate",
       "pk":145,
       "fields":{
          "created_at":"2025-02-10T18:34:29.015Z",
          "updated_at":"2025-02-10T18:34:29.015Z",
          "component":7,
          "app_climate_item":15,
          "is_check":false,
          "not_apply":false
       }
    },
    {
       "model":"catalog.componentappclimate",
       "pk":146,
       "fields":{
          "created_at":"2025-02-10T18:34:29.016Z",
          "updated_at":"2025-02-12T20:23:47.509Z",
          "component":7,
          "app_climate_item":16,
          "is_check":true,
          "not_apply":false
       }
    },
    {
       "model":"catalog.componentappclimate",
       "pk":147,
       "fields":{
          "created_at":"2025-02-10T18:34:29.016Z",
          "updated_at":"2025-02-10T18:34:29.016Z",
          "component":7,
          "app_climate_item":17,
          "is_check":false,
          "not_apply":false
       }
    },
    {
       "model":"catalog.componentappclimate",
       "pk":148,
       "fields":{
          "created_at":"2025-02-10T18:34:29.017Z",
          "updated_at":"2025-02-10T18:34:29.017Z",
          "component":7,
          "app_climate_item":18,
          "is_check":false,
          "not_apply":false
       }
    },
    {
       "model":"catalog.componentappclimate",
       "pk":149,
       "fields":{
          "created_at":"2025-02-10T18:34:29.018Z",
          "updated_at":"2025-02-12T20:23:47.509Z",
          "component":7,
          "app_climate_item":19,
          "is_check":true,
          "not_apply":false
       }
    },
    {
       "model":"catalog.componentappclimate",
       "pk":150,
       "fields":{
          "created_at":"2025-02-10T18:34:29.018Z",
          "updated_at":"2025-02-10T18:34:29.018Z",
          "component":7,
          "app_climate_item":20,
          "is_check":false,
          "not_apply":false
       }
    },
    {
       "model":"catalog.componentappclimate",
       "pk":151,
       "fields":{
          "created_at":"2025-02-10T18:34:29.019Z",
          "updated_at":"2025-02-10T18:34:29.019Z",
          "component":7,
          "app_climate_item":21,
          "is_check":false,
          "not_apply":false
       }
    },
    {
       "model":"catalog.componentappclimate",
       "pk":152,
       "fields":{
          "created_at":"2025-02-10T18:34:29.019Z",
          "updated_at":"2025-02-10T18:34:29.019Z",
          "component":7,
          "app_climate_item":22,
          "is_check":false,
          "not_apply":false
       }
    },
    {
       "model":"catalog.componentappclimate",
       "pk":153,
       "fields":{
          "created_at":"2025-02-10T18:34:29.020Z",
          "updated_at":"2025-02-10T18:34:29.020Z",
          "component":7,
          "app_climate_item":23,
          "is_check":false,
          "not_apply":false
       }
    },
    {
       "model":"catalog.componentappclimate",
       "pk":154,
       "fields":{
          "created_at":"2025-02-10T18:34:29.021Z",
          "updated_at":"2025-02-12T20:23:47.510Z",
          "component":7,
          "app_climate_item":24,
          "is_check":false,
          "not_apply":true
       }
    },
    {
       "model":"catalog.componentappclimate",
       "pk":155,
       "fields":{
          "created_at":"2025-02-10T18:34:29.021Z",
          "updated_at":"2025-02-10T18:34:29.021Z",
          "component":7,
          "app_climate_item":25,
          "is_check":false,
          "not_apply":false
       }
    },
    {
       "model":"catalog.componentappclimate",
       "pk":156,
       "fields":{
          "created_at":"2025-02-10T18:34:29.022Z",
          "updated_at":"2025-02-10T18:34:29.022Z",
          "component":7,
          "app_climate_item":26,
          "is_check":false,
          "not_apply":false
       }
    },
    {
       "model":"catalog.componentappclimate",
       "pk":157,
       "fields":{
          "created_at":"2025-02-10T18:34:29.022Z",
          "updated_at":"2025-02-12T20:21:47.166Z",
          "component":8,
          "app_climate_item":1,
          "is_check":false,
          "not_apply":true
       }
    },
    {
       "model":"catalog.componentappclimate",
       "pk":158,
       "fields":{
          "created_at":"2025-02-10T18:34:29.023Z",
          "updated_at":"2025-02-12T20:21:47.166Z",
          "component":8,
          "app_climate_item":2,
          "is_check":false,
          "not_apply":true
       }
    },
    {
       "model":"catalog.componentappclimate",
       "pk":160,
       "fields":{
          "created_at":"2025-02-10T18:34:29.024Z",
          "updated_at":"2025-02-12T20:21:47.165Z",
          "component":8,
          "app_climate_item":4,
          "is_check":false,
          "not_apply":true
       }
    },
    {
       "model":"catalog.componentappclimate",
       "pk":161,
       "fields":{
          "created_at":"2025-02-10T18:34:29.025Z",
          "updated_at":"2025-02-12T20:21:47.165Z",
          "component":8,
          "app_climate_item":5,
          "is_check":true,
          "not_apply":false
       }
    },
    {
       "model":"catalog.componentappclimate",
       "pk":162,
       "fields":{
          "created_at":"2025-02-10T18:34:29.026Z",
          "updated_at":"2025-02-12T20:21:47.165Z",
          "component":8,
          "app_climate_item":6,
          "is_check":true,
          "not_apply":false
       }
    },
    {
       "model":"catalog.componentappclimate",
       "pk":163,
       "fields":{
          "created_at":"2025-02-10T18:34:29.026Z",
          "updated_at":"2025-02-12T20:21:47.166Z",
          "component":8,
          "app_climate_item":7,
          "is_check":true,
          "not_apply":false
       }
    },
    {
       "model":"catalog.componentappclimate",
       "pk":164,
       "fields":{
          "created_at":"2025-02-10T18:34:29.027Z",
          "updated_at":"2025-02-12T20:21:47.166Z",
          "component":8,
          "app_climate_item":8,
          "is_check":true,
          "not_apply":false
       }
    },
    {
       "model":"catalog.componentappclimate",
       "pk":165,
       "fields":{
          "created_at":"2025-02-10T18:34:29.027Z",
          "updated_at":"2025-02-12T20:21:47.167Z",
          "component":8,
          "app_climate_item":9,
          "is_check":true,
          "not_apply":false
       }
    },
    {
       "model":"catalog.componentappclimate",
       "pk":166,
       "fields":{
          "created_at":"2025-02-10T18:34:29.028Z",
          "updated_at":"2025-02-10T18:34:29.028Z",
          "component":8,
          "app_climate_item":10,
          "is_check":false,
          "not_apply":false
       }
    },
    {
       "model":"catalog.componentappclimate",
       "pk":167,
       "fields":{
          "created_at":"2025-02-10T18:34:29.029Z",
          "updated_at":"2025-02-10T18:34:29.029Z",
          "component":8,
          "app_climate_item":11,
          "is_check":false,
          "not_apply":false
       }
    },
    {
       "model":"catalog.componentappclimate",
       "pk":168,
       "fields":{
          "created_at":"2025-02-10T18:34:29.029Z",
          "updated_at":"2025-02-12T20:21:47.167Z",
          "component":8,
          "app_climate_item":12,
          "is_check":true,
          "not_apply":false
       }
    },
    {
       "model":"catalog.componentappclimate",
       "pk":169,
       "fields":{
          "created_at":"2025-02-10T18:34:29.030Z",
          "updated_at":"2025-02-12T20:21:47.167Z",
          "component":8,
          "app_climate_item":13,
          "is_check":true,
          "not_apply":false
       }
    },
    {
       "model":"catalog.componentappclimate",
       "pk":170,
       "fields":{
          "created_at":"2025-02-10T18:34:29.031Z",
          "updated_at":"2025-02-10T18:34:29.031Z",
          "component":8,
          "app_climate_item":14,
          "is_check":false,
          "not_apply":false
       }
    },
    {
       "model":"catalog.componentappclimate",
       "pk":171,
       "fields":{
          "created_at":"2025-02-10T18:34:29.031Z",
          "updated_at":"2025-02-12T20:21:47.167Z",
          "component":8,
          "app_climate_item":15,
          "is_check":true,
          "not_apply":false
       }
    },
    {
       "model":"catalog.componentappclimate",
       "pk":172,
       "fields":{
          "created_at":"2025-02-10T18:34:29.032Z",
          "updated_at":"2025-02-12T20:21:47.169Z",
          "component":8,
          "app_climate_item":16,
          "is_check":true,
          "not_apply":false
       }
    },
    {
       "model":"catalog.componentappclimate",
       "pk":173,
       "fields":{
          "created_at":"2025-02-10T18:34:29.032Z",
          "updated_at":"2025-02-12T20:21:47.168Z",
          "component":8,
          "app_climate_item":17,
          "is_check":true,
          "not_apply":false
       }
    },
    {
       "model":"catalog.componentappclimate",
       "pk":174,
       "fields":{
          "created_at":"2025-02-10T18:34:29.033Z",
          "updated_at":"2025-02-12T20:21:47.168Z",
          "component":8,
          "app_climate_item":18,
          "is_check":true,
          "not_apply":false
       }
    },
    {
       "model":"catalog.componentappclimate",
       "pk":175,
       "fields":{
          "created_at":"2025-02-10T18:34:29.034Z",
          "updated_at":"2025-02-12T20:21:47.168Z",
          "component":8,
          "app_climate_item":19,
          "is_check":true,
          "not_apply":false
       }
    },
    {
       "model":"catalog.componentappclimate",
       "pk":176,
       "fields":{
          "created_at":"2025-02-10T18:34:29.034Z",
          "updated_at":"2025-02-12T20:21:47.169Z",
          "component":8,
          "app_climate_item":20,
          "is_check":true,
          "not_apply":false
       }
    },
    {
       "model":"catalog.componentappclimate",
       "pk":177,
       "fields":{
          "created_at":"2025-02-10T18:34:29.035Z",
          "updated_at":"2025-02-12T20:21:47.169Z",
          "component":8,
          "app_climate_item":21,
          "is_check":true,
          "not_apply":false
       }
    },
    {
       "model":"catalog.componentappclimate",
       "pk":178,
       "fields":{
          "created_at":"2025-02-10T18:34:29.036Z",
          "updated_at":"2025-02-10T18:34:29.036Z",
          "component":8,
          "app_climate_item":22,
          "is_check":false,
          "not_apply":false
       }
    },
    {
       "model":"catalog.componentappclimate",
       "pk":179,
       "fields":{
          "created_at":"2025-02-10T18:34:29.036Z",
          "updated_at":"2025-02-10T18:34:29.036Z",
          "component":8,
          "app_climate_item":23,
          "is_check":false,
          "not_apply":false
       }
    },
    {
       "model":"catalog.componentappclimate",
       "pk":180,
       "fields":{
          "created_at":"2025-02-10T18:34:29.037Z",
          "updated_at":"2025-02-12T20:21:47.170Z",
          "component":8,
          "app_climate_item":24,
          "is_check":false,
          "not_apply":true
       }
    },
    {
       "model":"catalog.componentappclimate",
       "pk":181,
       "fields":{
          "created_at":"2025-02-10T18:34:29.037Z",
          "updated_at":"2025-02-10T18:34:29.037Z",
          "component":8,
          "app_climate_item":25,
          "is_check":false,
          "not_apply":false
       }
    },
    {
       "model":"catalog.componentappclimate",
       "pk":182,
       "fields":{
          "created_at":"2025-02-10T18:34:29.038Z",
          "updated_at":"2025-02-12T20:21:47.170Z",
          "component":8,
          "app_climate_item":26,
          "is_check":true,
          "not_apply":false
       }
    },
    {
       "model":"catalog.componentappclimate",
       "pk":183,
       "fields":{
          "created_at":"2025-02-10T18:34:29.039Z",
          "updated_at":"2025-02-12T20:05:15.673Z",
          "component":9,
          "app_climate_item":1,
          "is_check":true,
          "not_apply":false
       }
    },
    {
       "model":"catalog.componentappclimate",
       "pk":184,
       "fields":{
          "created_at":"2025-02-10T18:34:29.039Z",
          "updated_at":"2025-02-12T20:05:15.673Z",
          "component":9,
          "app_climate_item":2,
          "is_check":true,
          "not_apply":false
       }
    },
    {
       "model":"catalog.componentappclimate",
       "pk":186,
       "fields":{
          "created_at":"2025-02-10T18:34:29.040Z",
          "updated_at":"2025-02-12T20:05:15.672Z",
          "component":9,
          "app_climate_item":4,
          "is_check":true,
          "not_apply":false
       }
    },
    {
       "model":"catalog.componentappclimate",
       "pk":187,
       "fields":{
          "created_at":"2025-02-10T18:34:29.041Z",
          "updated_at":"2025-02-12T20:05:15.672Z",
          "component":9,
          "app_climate_item":5,
          "is_check":true,
          "not_apply":false
       }
    },
    {
       "model":"catalog.componentappclimate",
       "pk":188,
       "fields":{
          "created_at":"2025-02-10T18:34:29.042Z",
          "updated_at":"2025-02-12T20:05:15.672Z",
          "component":9,
          "app_climate_item":6,
          "is_check":true,
          "not_apply":false
       }
    },
    {
       "model":"catalog.componentappclimate",
       "pk":189,
       "fields":{
          "created_at":"2025-02-10T18:34:29.042Z",
          "updated_at":"2025-02-12T20:05:15.673Z",
          "component":9,
          "app_climate_item":7,
          "is_check":true,
          "not_apply":false
       }
    },
    {
       "model":"catalog.componentappclimate",
       "pk":190,
       "fields":{
          "created_at":"2025-02-10T18:34:29.043Z",
          "updated_at":"2025-02-12T20:05:15.674Z",
          "component":9,
          "app_climate_item":8,
          "is_check":true,
          "not_apply":false
       }
    },
    {
       "model":"catalog.componentappclimate",
       "pk":191,
       "fields":{
          "created_at":"2025-02-10T18:34:29.044Z",
          "updated_at":"2025-02-12T20:05:15.674Z",
          "component":9,
          "app_climate_item":9,
          "is_check":true,
          "not_apply":false
       }
    },
    {
       "model":"catalog.componentappclimate",
       "pk":192,
       "fields":{
          "created_at":"2025-02-10T18:34:29.044Z",
          "updated_at":"2025-02-10T18:34:29.044Z",
          "component":9,
          "app_climate_item":10,
          "is_check":false,
          "not_apply":false
       }
    },
    {
       "model":"catalog.componentappclimate",
       "pk":193,
       "fields":{
          "created_at":"2025-02-10T18:34:29.045Z",
          "updated_at":"2025-02-12T20:05:15.674Z",
          "component":9,
          "app_climate_item":11,
          "is_check":true,
          "not_apply":false
       }
    },
    {
       "model":"catalog.componentappclimate",
       "pk":194,
       "fields":{
          "created_at":"2025-02-10T18:34:29.045Z",
          "updated_at":"2025-02-12T20:05:15.675Z",
          "component":9,
          "app_climate_item":12,
          "is_check":true,
          "not_apply":false
       }
    },
    {
       "model":"catalog.componentappclimate",
       "pk":195,
       "fields":{
          "created_at":"2025-02-10T18:34:29.046Z",
          "updated_at":"2025-02-12T20:05:15.674Z",
          "component":9,
          "app_climate_item":13,
          "is_check":true,
          "not_apply":false
       }
    },
    {
       "model":"catalog.componentappclimate",
       "pk":196,
       "fields":{
          "created_at":"2025-02-10T18:34:29.047Z",
          "updated_at":"2025-02-10T18:34:29.047Z",
          "component":9,
          "app_climate_item":14,
          "is_check":false,
          "not_apply":false
       }
    },
    {
       "model":"catalog.componentappclimate",
       "pk":197,
       "fields":{
          "created_at":"2025-02-10T18:34:29.047Z",
          "updated_at":"2025-02-10T18:34:29.047Z",
          "component":9,
          "app_climate_item":15,
          "is_check":false,
          "not_apply":false
       }
    },
    {
       "model":"catalog.componentappclimate",
       "pk":198,
       "fields":{
          "created_at":"2025-02-10T18:34:29.048Z",
          "updated_at":"2025-02-12T20:05:15.676Z",
          "component":9,
          "app_climate_item":16,
          "is_check":true,
          "not_apply":false
       }
    },
    {
       "model":"catalog.componentappclimate",
       "pk":199,
       "fields":{
          "created_at":"2025-02-10T18:34:29.049Z",
          "updated_at":"2025-02-12T20:05:15.675Z",
          "component":9,
          "app_climate_item":17,
          "is_check":true,
          "not_apply":false
       }
    },
    {
       "model":"catalog.componentappclimate",
       "pk":200,
       "fields":{
          "created_at":"2025-02-10T18:34:29.049Z",
          "updated_at":"2025-02-12T20:05:15.675Z",
          "component":9,
          "app_climate_item":18,
          "is_check":true,
          "not_apply":false
       }
    },
    {
       "model":"catalog.componentappclimate",
       "pk":201,
       "fields":{
          "created_at":"2025-02-10T18:34:29.050Z",
          "updated_at":"2025-02-12T20:05:15.676Z",
          "component":9,
          "app_climate_item":19,
          "is_check":true,
          "not_apply":false
       }
    },
    {
       "model":"catalog.componentappclimate",
       "pk":202,
       "fields":{
          "created_at":"2025-02-10T18:34:29.051Z",
          "updated_at":"2025-02-12T20:05:15.676Z",
          "component":9,
          "app_climate_item":20,
          "is_check":true,
          "not_apply":false
       }
    },
    {
       "model":"catalog.componentappclimate",
       "pk":203,
       "fields":{
          "created_at":"2025-02-10T18:34:29.051Z",
          "updated_at":"2025-02-12T20:05:15.676Z",
          "component":9,
          "app_climate_item":21,
          "is_check":true,
          "not_apply":false
       }
    },
    {
       "model":"catalog.componentappclimate",
       "pk":204,
       "fields":{
          "created_at":"2025-02-10T18:34:29.052Z",
          "updated_at":"2025-02-10T18:34:29.052Z",
          "component":9,
          "app_climate_item":22,
          "is_check":false,
          "not_apply":false
       }
    },
    {
       "model":"catalog.componentappclimate",
       "pk":205,
       "fields":{
          "created_at":"2025-02-10T18:34:29.053Z",
          "updated_at":"2025-02-10T18:34:29.053Z",
          "component":9,
          "app_climate_item":23,
          "is_check":false,
          "not_apply":false
       }
    },
    {
       "model":"catalog.componentappclimate",
       "pk":206,
       "fields":{
          "created_at":"2025-02-10T18:34:29.053Z",
          "updated_at":"2025-02-12T20:05:15.677Z",
          "component":9,
          "app_climate_item":24,
          "is_check":false,
          "not_apply":true
       }
    },
    {
       "model":"catalog.componentappclimate",
       "pk":207,
       "fields":{
          "created_at":"2025-02-10T18:34:29.054Z",
          "updated_at":"2025-02-12T20:05:15.677Z",
          "component":9,
          "app_climate_item":25,
          "is_check":true,
          "not_apply":false
       }
    },
    {
       "model":"catalog.componentappclimate",
       "pk":208,
       "fields":{
          "created_at":"2025-02-10T18:34:29.054Z",
          "updated_at":"2025-02-12T20:05:15.677Z",
          "component":9,
          "app_climate_item":26,
          "is_check":true,
          "not_apply":false
       }
    },
    {
       "model":"catalog.componentappclimate",
       "pk":209,
       "fields":{
          "created_at":"2025-02-10T18:34:29.055Z",
          "updated_at":"2025-02-12T20:06:34.547Z",
          "component":10,
          "app_climate_item":1,
          "is_check":false,
          "not_apply":true
       }
    },
    {
       "model":"catalog.componentappclimate",
       "pk":210,
       "fields":{
          "created_at":"2025-02-10T18:34:29.056Z",
          "updated_at":"2025-02-12T20:06:34.547Z",
          "component":10,
          "app_climate_item":2,
          "is_check":false,
          "not_apply":true
       }
    },
    {
       "model":"catalog.componentappclimate",
       "pk":212,
       "fields":{
          "created_at":"2025-02-10T18:34:29.057Z",
          "updated_at":"2025-02-12T20:06:34.546Z",
          "component":10,
          "app_climate_item":4,
          "is_check":false,
          "not_apply":true
       }
    },
    {
       "model":"catalog.componentappclimate",
       "pk":213,
       "fields":{
          "created_at":"2025-02-10T18:34:29.057Z",
          "updated_at":"2025-02-12T20:06:34.546Z",
          "component":10,
          "app_climate_item":5,
          "is_check":true,
          "not_apply":false
       }
    },
    {
       "model":"catalog.componentappclimate",
       "pk":214,
       "fields":{
          "created_at":"2025-02-10T18:34:29.058Z",
          "updated_at":"2025-02-12T20:06:34.547Z",
          "component":10,
          "app_climate_item":6,
          "is_check":true,
          "not_apply":false
       }
    },
    {
       "model":"catalog.componentappclimate",
       "pk":215,
       "fields":{
          "created_at":"2025-02-10T18:34:29.059Z",
          "updated_at":"2025-02-12T20:06:34.547Z",
          "component":10,
          "app_climate_item":7,
          "is_check":true,
          "not_apply":false
       }
    },
    {
       "model":"catalog.componentappclimate",
       "pk":216,
       "fields":{
          "created_at":"2025-02-10T18:34:29.059Z",
          "updated_at":"2025-02-12T20:06:34.548Z",
          "component":10,
          "app_climate_item":8,
          "is_check":true,
          "not_apply":false
       }
    },
    {
       "model":"catalog.componentappclimate",
       "pk":217,
       "fields":{
          "created_at":"2025-02-10T18:34:29.060Z",
          "updated_at":"2025-02-12T20:06:34.548Z",
          "component":10,
          "app_climate_item":9,
          "is_check":true,
          "not_apply":false
       }
    },
    {
       "model":"catalog.componentappclimate",
       "pk":218,
       "fields":{
          "created_at":"2025-02-10T18:34:29.061Z",
          "updated_at":"2025-02-10T18:34:29.061Z",
          "component":10,
          "app_climate_item":10,
          "is_check":false,
          "not_apply":false
       }
    },
    {
       "model":"catalog.componentappclimate",
       "pk":219,
       "fields":{
          "created_at":"2025-02-10T18:34:29.061Z",
          "updated_at":"2025-02-10T18:34:29.061Z",
          "component":10,
          "app_climate_item":11,
          "is_check":false,
          "not_apply":false
       }
    },
    {
       "model":"catalog.componentappclimate",
       "pk":220,
       "fields":{
          "created_at":"2025-02-10T18:34:29.062Z",
          "updated_at":"2025-02-12T20:06:34.549Z",
          "component":10,
          "app_climate_item":12,
          "is_check":true,
          "not_apply":false
       }
    },
    {
       "model":"catalog.componentappclimate",
       "pk":221,
       "fields":{
          "created_at":"2025-02-10T18:34:29.063Z",
          "updated_at":"2025-02-12T20:06:34.548Z",
          "component":10,
          "app_climate_item":13,
          "is_check":true,
          "not_apply":false
       }
    },
    {
       "model":"catalog.componentappclimate",
       "pk":222,
       "fields":{
          "created_at":"2025-02-10T18:34:29.063Z",
          "updated_at":"2025-02-10T18:34:29.063Z",
          "component":10,
          "app_climate_item":14,
          "is_check":false,
          "not_apply":false
       }
    },
    {
       "model":"catalog.componentappclimate",
       "pk":223,
       "fields":{
          "created_at":"2025-02-10T18:34:29.064Z",
          "updated_at":"2025-02-12T20:06:34.549Z",
          "component":10,
          "app_climate_item":15,
          "is_check":true,
          "not_apply":false
       }
    },
    {
       "model":"catalog.componentappclimate",
       "pk":224,
       "fields":{
          "created_at":"2025-02-10T18:34:29.064Z",
          "updated_at":"2025-02-12T20:06:34.550Z",
          "component":10,
          "app_climate_item":16,
          "is_check":true,
          "not_apply":false
       }
    },
    {
       "model":"catalog.componentappclimate",
       "pk":225,
       "fields":{
          "created_at":"2025-02-10T18:34:29.065Z",
          "updated_at":"2025-02-12T20:06:34.549Z",
          "component":10,
          "app_climate_item":17,
          "is_check":true,
          "not_apply":false
       }
    },
    {
       "model":"catalog.componentappclimate",
       "pk":226,
       "fields":{
          "created_at":"2025-02-10T18:34:29.066Z",
          "updated_at":"2025-02-10T18:34:29.066Z",
          "component":10,
          "app_climate_item":18,
          "is_check":false,
          "not_apply":false
       }
    },
    {
       "model":"catalog.componentappclimate",
       "pk":227,
       "fields":{
          "created_at":"2025-02-10T18:34:29.066Z",
          "updated_at":"2025-02-12T20:06:34.549Z",
          "component":10,
          "app_climate_item":19,
          "is_check":true,
          "not_apply":false
       }
    },
    {
       "model":"catalog.componentappclimate",
       "pk":228,
       "fields":{
          "created_at":"2025-02-10T18:34:29.067Z",
          "updated_at":"2025-02-12T20:06:34.550Z",
          "component":10,
          "app_climate_item":20,
          "is_check":true,
          "not_apply":false
       }
    },
    {
       "model":"catalog.componentappclimate",
       "pk":229,
       "fields":{
          "created_at":"2025-02-10T18:34:29.068Z",
          "updated_at":"2025-02-12T20:06:34.550Z",
          "component":10,
          "app_climate_item":21,
          "is_check":true,
          "not_apply":false
       }
    },
    {
       "model":"catalog.componentappclimate",
       "pk":230,
       "fields":{
          "created_at":"2025-02-10T18:34:29.068Z",
          "updated_at":"2025-02-10T18:34:29.068Z",
          "component":10,
          "app_climate_item":22,
          "is_check":false,
          "not_apply":false
       }
    },
    {
       "model":"catalog.componentappclimate",
       "pk":231,
       "fields":{
          "created_at":"2025-02-10T18:34:29.069Z",
          "updated_at":"2025-02-12T20:06:34.551Z",
          "component":10,
          "app_climate_item":23,
          "is_check":true,
          "not_apply":false
       }
    },
    {
       "model":"catalog.componentappclimate",
       "pk":232,
       "fields":{
          "created_at":"2025-02-10T18:34:29.069Z",
          "updated_at":"2025-02-12T20:06:34.550Z",
          "component":10,
          "app_climate_item":24,
          "is_check":false,
          "not_apply":true
       }
    },
    {
       "model":"catalog.componentappclimate",
       "pk":233,
       "fields":{
          "created_at":"2025-02-10T18:34:29.070Z",
          "updated_at":"2025-02-12T20:06:34.551Z",
          "component":10,
          "app_climate_item":25,
          "is_check":true,
          "not_apply":false
       }
    },
    {
       "model":"catalog.componentappclimate",
       "pk":234,
       "fields":{
          "created_at":"2025-02-10T18:34:29.071Z",
          "updated_at":"2025-02-12T20:06:34.551Z",
          "component":10,
          "app_climate_item":26,
          "is_check":true,
          "not_apply":false
       }
    },
    {
       "model":"catalog.componentappclimate",
       "pk":235,
       "fields":{
          "created_at":"2025-02-10T18:34:29.071Z",
          "updated_at":"2025-02-10T18:34:29.071Z",
          "component":11,
          "app_climate_item":1,
          "is_check":false,
          "not_apply":false
       }
    },
    {
       "model":"catalog.componentappclimate",
       "pk":236,
       "fields":{
          "created_at":"2025-02-10T18:34:29.072Z",
          "updated_at":"2025-02-12T20:15:53.542Z",
          "component":11,
          "app_climate_item":2,
          "is_check":true,
          "not_apply":false
       }
    },
    {
       "model":"catalog.componentappclimate",
       "pk":238,
       "fields":{
          "created_at":"2025-02-10T18:34:29.073Z",
          "updated_at":"2025-02-12T20:15:53.541Z",
          "component":11,
          "app_climate_item":4,
          "is_check":true,
          "not_apply":false
       }
    },
    {
       "model":"catalog.componentappclimate",
       "pk":239,
       "fields":{
          "created_at":"2025-02-10T18:34:29.074Z",
          "updated_at":"2025-02-10T18:34:29.074Z",
          "component":11,
          "app_climate_item":5,
          "is_check":false,
          "not_apply":false
       }
    },
    {
       "model":"catalog.componentappclimate",
       "pk":240,
       "fields":{
          "created_at":"2025-02-10T18:34:29.074Z",
          "updated_at":"2025-02-12T20:15:53.542Z",
          "component":11,
          "app_climate_item":6,
          "is_check":true,
          "not_apply":false
       }
    },
    {
       "model":"catalog.componentappclimate",
       "pk":241,
       "fields":{
          "created_at":"2025-02-10T18:34:29.075Z",
          "updated_at":"2025-02-12T20:15:53.542Z",
          "component":11,
          "app_climate_item":7,
          "is_check":true,
          "not_apply":false
       }
    },
    {
       "model":"catalog.componentappclimate",
       "pk":242,
       "fields":{
          "created_at":"2025-02-10T18:34:29.076Z",
          "updated_at":"2025-02-12T20:15:53.543Z",
          "component":11,
          "app_climate_item":8,
          "is_check":true,
          "not_apply":false
       }
    },
    {
       "model":"catalog.componentappclimate",
       "pk":243,
       "fields":{
          "created_at":"2025-02-10T18:34:29.076Z",
          "updated_at":"2025-02-12T20:15:53.543Z",
          "component":11,
          "app_climate_item":9,
          "is_check":true,
          "not_apply":false
       }
    },
    {
       "model":"catalog.componentappclimate",
       "pk":244,
       "fields":{
          "created_at":"2025-02-10T18:34:29.077Z",
          "updated_at":"2025-02-10T18:34:29.077Z",
          "component":11,
          "app_climate_item":10,
          "is_check":false,
          "not_apply":false
       }
    },
    {
       "model":"catalog.componentappclimate",
       "pk":245,
       "fields":{
          "created_at":"2025-02-10T18:34:29.077Z",
          "updated_at":"2025-02-12T20:15:53.543Z",
          "component":11,
          "app_climate_item":11,
          "is_check":true,
          "not_apply":false
       }
    },
    {
       "model":"catalog.componentappclimate",
       "pk":246,
       "fields":{
          "created_at":"2025-02-10T18:34:29.078Z",
          "updated_at":"2025-02-12T20:15:53.544Z",
          "component":11,
          "app_climate_item":12,
          "is_check":true,
          "not_apply":false
       }
    },
    {
       "model":"catalog.componentappclimate",
       "pk":247,
       "fields":{
          "created_at":"2025-02-10T18:34:29.079Z",
          "updated_at":"2025-02-12T20:15:53.543Z",
          "component":11,
          "app_climate_item":13,
          "is_check":true,
          "not_apply":false
       }
    },
    {
       "model":"catalog.componentappclimate",
       "pk":248,
       "fields":{
          "created_at":"2025-02-10T18:34:29.079Z",
          "updated_at":"2025-02-10T18:34:29.079Z",
          "component":11,
          "app_climate_item":14,
          "is_check":false,
          "not_apply":false
       }
    },
    {
       "model":"catalog.componentappclimate",
       "pk":249,
       "fields":{
          "created_at":"2025-02-10T18:34:29.080Z",
          "updated_at":"2025-02-10T18:34:29.080Z",
          "component":11,
          "app_climate_item":15,
          "is_check":false,
          "not_apply":false
       }
    },
    {
       "model":"catalog.componentappclimate",
       "pk":250,
       "fields":{
          "created_at":"2025-02-10T18:34:29.081Z",
          "updated_at":"2025-02-12T20:15:53.545Z",
          "component":11,
          "app_climate_item":16,
          "is_check":true,
          "not_apply":false
       }
    },
    {
       "model":"catalog.componentappclimate",
       "pk":251,
       "fields":{
          "created_at":"2025-02-10T18:34:29.081Z",
          "updated_at":"2025-02-10T18:34:29.081Z",
          "component":11,
          "app_climate_item":17,
          "is_check":false,
          "not_apply":false
       }
    },
    {
       "model":"catalog.componentappclimate",
       "pk":252,
       "fields":{
          "created_at":"2025-02-10T18:34:29.082Z",
          "updated_at":"2025-02-10T18:34:29.082Z",
          "component":11,
          "app_climate_item":18,
          "is_check":false,
          "not_apply":false
       }
    },
    {
       "model":"catalog.componentappclimate",
       "pk":253,
       "fields":{
          "created_at":"2025-02-10T18:34:29.082Z",
          "updated_at":"2025-02-12T20:15:53.544Z",
          "component":11,
          "app_climate_item":19,
          "is_check":true,
          "not_apply":false
       }
    },
    {
       "model":"catalog.componentappclimate",
       "pk":254,
       "fields":{
          "created_at":"2025-02-10T18:34:29.083Z",
          "updated_at":"2025-02-12T20:15:53.544Z",
          "component":11,
          "app_climate_item":20,
          "is_check":true,
          "not_apply":false
       }
    },
    {
       "model":"catalog.componentappclimate",
       "pk":255,
       "fields":{
          "created_at":"2025-02-10T18:34:29.084Z",
          "updated_at":"2025-02-12T20:15:53.545Z",
          "component":11,
          "app_climate_item":21,
          "is_check":true,
          "not_apply":false
       }
    },
    {
       "model":"catalog.componentappclimate",
       "pk":256,
       "fields":{
          "created_at":"2025-02-10T18:34:29.084Z",
          "updated_at":"2025-02-10T18:34:29.084Z",
          "component":11,
          "app_climate_item":22,
          "is_check":false,
          "not_apply":false
       }
    },
    {
       "model":"catalog.componentappclimate",
       "pk":257,
       "fields":{
          "created_at":"2025-02-10T18:34:29.085Z",
          "updated_at":"2025-02-12T20:15:53.546Z",
          "component":11,
          "app_climate_item":23,
          "is_check":true,
          "not_apply":false
       }
    },
    {
       "model":"catalog.componentappclimate",
       "pk":258,
       "fields":{
          "created_at":"2025-02-10T18:34:29.086Z",
          "updated_at":"2025-02-12T20:15:53.545Z",
          "component":11,
          "app_climate_item":24,
          "is_check":false,
          "not_apply":true
       }
    },
    {
       "model":"catalog.componentappclimate",
       "pk":259,
       "fields":{
          "created_at":"2025-02-10T18:34:29.086Z",
          "updated_at":"2025-02-10T18:34:29.086Z",
          "component":11,
          "app_climate_item":25,
          "is_check":false,
          "not_apply":false
       }
    },
    {
       "model":"catalog.componentappclimate",
       "pk":260,
       "fields":{
          "created_at":"2025-02-10T18:34:29.087Z",
          "updated_at":"2025-02-12T20:15:53.545Z",
          "component":11,
          "app_climate_item":26,
          "is_check":true,
          "not_apply":false
       }
    },
    {
       "model":"catalog.componentappclimate",
       "pk":261,
       "fields":{
          "created_at":"2025-02-10T18:34:29.087Z",
          "updated_at":"2025-02-12T20:14:35.331Z",
          "component":12,
          "app_climate_item":1,
          "is_check":false,
          "not_apply":true
       }
    },
    {
       "model":"catalog.componentappclimate",
       "pk":262,
       "fields":{
          "created_at":"2025-02-10T18:34:29.088Z",
          "updated_at":"2025-02-12T20:14:35.331Z",
          "component":12,
          "app_climate_item":2,
          "is_check":false,
          "not_apply":true
       }
    },
    {
       "model":"catalog.componentappclimate",
       "pk":264,
       "fields":{
          "created_at":"2025-02-10T18:34:29.089Z",
          "updated_at":"2025-02-12T20:14:35.330Z",
          "component":12,
          "app_climate_item":4,
          "is_check":false,
          "not_apply":true
       }
    },
    {
       "model":"catalog.componentappclimate",
       "pk":265,
       "fields":{
          "created_at":"2025-02-10T18:34:29.090Z",
          "updated_at":"2025-02-12T20:14:35.330Z",
          "component":12,
          "app_climate_item":5,
          "is_check":true,
          "not_apply":false
       }
    },
    {
       "model":"catalog.componentappclimate",
       "pk":266,
       "fields":{
          "created_at":"2025-02-10T18:34:29.091Z",
          "updated_at":"2025-02-12T20:14:35.331Z",
          "component":12,
          "app_climate_item":6,
          "is_check":true,
          "not_apply":false
       }
    },
    {
       "model":"catalog.componentappclimate",
       "pk":267,
       "fields":{
          "created_at":"2025-02-10T18:34:29.091Z",
          "updated_at":"2025-02-12T20:14:35.332Z",
          "component":12,
          "app_climate_item":7,
          "is_check":true,
          "not_apply":false
       }
    },
    {
       "model":"catalog.componentappclimate",
       "pk":268,
       "fields":{
          "created_at":"2025-02-10T18:34:29.092Z",
          "updated_at":"2025-02-12T20:14:35.332Z",
          "component":12,
          "app_climate_item":8,
          "is_check":true,
          "not_apply":false
       }
    },
    {
       "model":"catalog.componentappclimate",
       "pk":269,
       "fields":{
          "created_at":"2025-02-10T18:34:29.092Z",
          "updated_at":"2025-02-12T20:14:35.332Z",
          "component":12,
          "app_climate_item":9,
          "is_check":true,
          "not_apply":false
       }
    },
    {
       "model":"catalog.componentappclimate",
       "pk":270,
       "fields":{
          "created_at":"2025-02-10T18:34:29.093Z",
          "updated_at":"2025-02-12T20:14:35.333Z",
          "component":12,
          "app_climate_item":10,
          "is_check":true,
          "not_apply":false
       }
    },
    {
       "model":"catalog.componentappclimate",
       "pk":271,
       "fields":{
          "created_at":"2025-02-10T18:34:29.094Z",
          "updated_at":"2025-02-12T20:14:35.333Z",
          "component":12,
          "app_climate_item":11,
          "is_check":true,
          "not_apply":false
       }
    },
    {
       "model":"catalog.componentappclimate",
       "pk":272,
       "fields":{
          "created_at":"2025-02-10T18:34:29.094Z",
          "updated_at":"2025-02-12T20:14:35.334Z",
          "component":12,
          "app_climate_item":12,
          "is_check":true,
          "not_apply":false
       }
    },
    {
       "model":"catalog.componentappclimate",
       "pk":273,
       "fields":{
          "created_at":"2025-02-10T18:34:29.095Z",
          "updated_at":"2025-02-12T20:14:35.333Z",
          "component":12,
          "app_climate_item":13,
          "is_check":true,
          "not_apply":false
       }
    },
    {
       "model":"catalog.componentappclimate",
       "pk":274,
       "fields":{
          "created_at":"2025-02-10T18:34:29.095Z",
          "updated_at":"2025-02-12T20:14:35.332Z",
          "component":12,
          "app_climate_item":14,
          "is_check":true,
          "not_apply":false
       }
    },
    {
       "model":"catalog.componentappclimate",
       "pk":275,
       "fields":{
          "created_at":"2025-02-10T18:34:29.096Z",
          "updated_at":"2025-02-12T20:14:35.334Z",
          "component":12,
          "app_climate_item":15,
          "is_check":true,
          "not_apply":false
       }
    },
    {
       "model":"catalog.componentappclimate",
       "pk":276,
       "fields":{
          "created_at":"2025-02-10T18:34:29.097Z",
          "updated_at":"2025-02-12T20:14:35.336Z",
          "component":12,
          "app_climate_item":16,
          "is_check":true,
          "not_apply":false
       }
    },
    {
       "model":"catalog.componentappclimate",
       "pk":277,
       "fields":{
          "created_at":"2025-02-10T18:34:29.097Z",
          "updated_at":"2025-02-12T20:14:35.334Z",
          "component":12,
          "app_climate_item":17,
          "is_check":true,
          "not_apply":false
       }
    },
    {
       "model":"catalog.componentappclimate",
       "pk":278,
       "fields":{
          "created_at":"2025-02-10T18:34:29.098Z",
          "updated_at":"2025-02-12T20:14:35.335Z",
          "component":12,
          "app_climate_item":18,
          "is_check":true,
          "not_apply":false
       }
    },
    {
       "model":"catalog.componentappclimate",
       "pk":279,
       "fields":{
          "created_at":"2025-02-10T18:34:29.099Z",
          "updated_at":"2025-02-12T20:14:35.335Z",
          "component":12,
          "app_climate_item":19,
          "is_check":true,
          "not_apply":false
       }
    },
    {
       "model":"catalog.componentappclimate",
       "pk":280,
       "fields":{
          "created_at":"2025-02-10T18:34:29.099Z",
          "updated_at":"2025-02-12T20:14:35.335Z",
          "component":12,
          "app_climate_item":20,
          "is_check":true,
          "not_apply":false
       }
    },
    {
       "model":"catalog.componentappclimate",
       "pk":281,
       "fields":{
          "created_at":"2025-02-10T18:34:29.100Z",
          "updated_at":"2025-02-12T20:14:35.336Z",
          "component":12,
          "app_climate_item":21,
          "is_check":true,
          "not_apply":false
       }
    },
    {
       "model":"catalog.componentappclimate",
       "pk":282,
       "fields":{
          "created_at":"2025-02-10T18:34:29.100Z",
          "updated_at":"2025-02-12T20:14:35.336Z",
          "component":12,
          "app_climate_item":22,
          "is_check":true,
          "not_apply":false
       }
    },
    {
       "model":"catalog.componentappclimate",
       "pk":283,
       "fields":{
          "created_at":"2025-02-10T18:34:29.101Z",
          "updated_at":"2025-02-12T20:14:35.338Z",
          "component":12,
          "app_climate_item":23,
          "is_check":true,
          "not_apply":false
       }
    },
    {
       "model":"catalog.componentappclimate",
       "pk":284,
       "fields":{
          "created_at":"2025-02-10T18:34:29.102Z",
          "updated_at":"2025-02-12T20:14:35.336Z",
          "component":12,
          "app_climate_item":24,
          "is_check":false,
          "not_apply":true
       }
    },
    {
       "model":"catalog.componentappclimate",
       "pk":285,
       "fields":{
          "created_at":"2025-02-10T18:34:29.102Z",
          "updated_at":"2025-02-12T20:14:35.337Z",
          "component":12,
          "app_climate_item":25,
          "is_check":true,
          "not_apply":false
       }
    },
    {
       "model":"catalog.componentappclimate",
       "pk":286,
       "fields":{
          "created_at":"2025-02-10T18:34:29.103Z",
          "updated_at":"2025-02-12T20:14:35.338Z",
          "component":12,
          "app_climate_item":26,
          "is_check":true,
          "not_apply":false
       }
    },
    {
       "model":"catalog.componentappclimate",
       "pk":287,
       "fields":{
          "created_at":"2025-02-10T18:34:29.103Z",
          "updated_at":"2025-02-12T20:17:59.202Z",
          "component":13,
          "app_climate_item":1,
          "is_check":false,
          "not_apply":true
       }
    },
    {
       "model":"catalog.componentappclimate",
       "pk":288,
       "fields":{
          "created_at":"2025-02-10T18:34:29.104Z",
          "updated_at":"2025-02-12T20:17:59.202Z",
          "component":13,
          "app_climate_item":2,
          "is_check":false,
          "not_apply":true
       }
    },
    {
       "model":"catalog.componentappclimate",
       "pk":290,
       "fields":{
          "created_at":"2025-02-10T18:34:29.106Z",
          "updated_at":"2025-02-12T20:17:59.201Z",
          "component":13,
          "app_climate_item":4,
          "is_check":false,
          "not_apply":true
       }
    },
    {
       "model":"catalog.componentappclimate",
       "pk":291,
       "fields":{
          "created_at":"2025-02-10T18:34:29.106Z",
          "updated_at":"2025-02-12T20:17:59.201Z",
          "component":13,
          "app_climate_item":5,
          "is_check":true,
          "not_apply":false
       }
    },
    {
       "model":"catalog.componentappclimate",
       "pk":292,
       "fields":{
          "created_at":"2025-02-10T18:34:29.107Z",
          "updated_at":"2025-02-12T20:17:59.202Z",
          "component":13,
          "app_climate_item":6,
          "is_check":false,
          "not_apply":true
       }
    },
    {
       "model":"catalog.componentappclimate",
       "pk":293,
       "fields":{
          "created_at":"2025-02-10T18:34:29.107Z",
          "updated_at":"2025-02-10T18:34:29.107Z",
          "component":13,
          "app_climate_item":7,
          "is_check":false,
          "not_apply":false
       }
    },
    {
       "model":"catalog.componentappclimate",
       "pk":294,
       "fields":{
          "created_at":"2025-02-10T18:34:29.108Z",
          "updated_at":"2025-02-10T18:34:29.108Z",
          "component":13,
          "app_climate_item":8,
          "is_check":false,
          "not_apply":false
       }
    },
    {
       "model":"catalog.componentappclimate",
       "pk":295,
       "fields":{
          "created_at":"2025-02-10T18:34:29.109Z",
          "updated_at":"2025-02-10T18:34:29.109Z",
          "component":13,
          "app_climate_item":9,
          "is_check":false,
          "not_apply":false
       }
    },
    {
       "model":"catalog.componentappclimate",
       "pk":296,
       "fields":{
          "created_at":"2025-02-10T18:34:29.109Z",
          "updated_at":"2025-02-10T18:34:29.109Z",
          "component":13,
          "app_climate_item":10,
          "is_check":false,
          "not_apply":false
       }
    },
    {
       "model":"catalog.componentappclimate",
       "pk":297,
       "fields":{
          "created_at":"2025-02-10T18:34:29.110Z",
          "updated_at":"2025-02-12T20:17:59.203Z",
          "component":13,
          "app_climate_item":11,
          "is_check":true,
          "not_apply":false
       }
    },
    {
       "model":"catalog.componentappclimate",
       "pk":298,
       "fields":{
          "created_at":"2025-02-10T18:34:29.110Z",
          "updated_at":"2025-02-12T20:17:59.203Z",
          "component":13,
          "app_climate_item":12,
          "is_check":true,
          "not_apply":false
       }
    },
    {
       "model":"catalog.componentappclimate",
       "pk":299,
       "fields":{
          "created_at":"2025-02-10T18:34:29.111Z",
          "updated_at":"2025-02-12T20:17:59.203Z",
          "component":13,
          "app_climate_item":13,
          "is_check":true,
          "not_apply":false
       }
    },
    {
       "model":"catalog.componentappclimate",
       "pk":300,
       "fields":{
          "created_at":"2025-02-10T18:34:29.112Z",
          "updated_at":"2025-02-12T20:17:59.203Z",
          "component":13,
          "app_climate_item":14,
          "is_check":true,
          "not_apply":false
       }
    },
    {
       "model":"catalog.componentappclimate",
       "pk":301,
       "fields":{
          "created_at":"2025-02-10T18:34:29.112Z",
          "updated_at":"2025-02-10T18:34:29.112Z",
          "component":13,
          "app_climate_item":15,
          "is_check":false,
          "not_apply":false
       }
    },
    {
       "model":"catalog.componentappclimate",
       "pk":302,
       "fields":{
          "created_at":"2025-02-10T18:34:29.113Z",
          "updated_at":"2025-02-12T20:17:59.205Z",
          "component":13,
          "app_climate_item":16,
          "is_check":false,
          "not_apply":true
       }
    },
    {
       "model":"catalog.componentappclimate",
       "pk":303,
       "fields":{
          "created_at":"2025-02-10T18:34:29.114Z",
          "updated_at":"2025-02-12T20:17:59.204Z",
          "component":13,
          "app_climate_item":17,
          "is_check":false,
          "not_apply":true
       }
    },
    {
       "model":"catalog.componentappclimate",
       "pk":304,
       "fields":{
          "created_at":"2025-02-10T18:34:29.114Z",
          "updated_at":"2025-02-12T20:17:59.204Z",
          "component":13,
          "app_climate_item":18,
          "is_check":false,
          "not_apply":true
       }
    },
    {
       "model":"catalog.componentappclimate",
       "pk":305,
       "fields":{
          "created_at":"2025-02-10T18:34:29.115Z",
          "updated_at":"2025-02-12T20:17:59.204Z",
          "component":13,
          "app_climate_item":19,
          "is_check":false,
          "not_apply":true
       }
    },
    {
       "model":"catalog.componentappclimate",
       "pk":306,
       "fields":{
          "created_at":"2025-02-10T18:34:29.115Z",
          "updated_at":"2025-02-12T20:17:59.204Z",
          "component":13,
          "app_climate_item":20,
          "is_check":true,
          "not_apply":false
       }
    },
    {
       "model":"catalog.componentappclimate",
       "pk":307,
       "fields":{
          "created_at":"2025-02-10T18:34:29.116Z",
          "updated_at":"2025-02-12T20:17:59.205Z",
          "component":13,
          "app_climate_item":21,
          "is_check":false,
          "not_apply":true
       }
    },
    {
       "model":"catalog.componentappclimate",
       "pk":308,
       "fields":{
          "created_at":"2025-02-10T18:34:29.117Z",
          "updated_at":"2025-02-12T20:17:59.205Z",
          "component":13,
          "app_climate_item":22,
          "is_check":true,
          "not_apply":false
       }
    },
    {
       "model":"catalog.componentappclimate",
       "pk":309,
       "fields":{
          "created_at":"2025-02-10T18:34:29.117Z",
          "updated_at":"2025-02-12T20:17:59.206Z",
          "component":13,
          "app_climate_item":23,
          "is_check":true,
          "not_apply":false
       }
    },
    {
       "model":"catalog.componentappclimate",
       "pk":310,
       "fields":{
          "created_at":"2025-02-10T18:34:29.118Z",
          "updated_at":"2025-02-10T18:34:29.118Z",
          "component":13,
          "app_climate_item":24,
          "is_check":false,
          "not_apply":false
       }
    },
    {
       "model":"catalog.componentappclimate",
       "pk":311,
       "fields":{
          "created_at":"2025-02-10T18:34:29.119Z",
          "updated_at":"2025-02-10T18:34:29.119Z",
          "component":13,
          "app_climate_item":25,
          "is_check":false,
          "not_apply":false
       }
    },
    {
       "model":"catalog.componentappclimate",
       "pk":312,
       "fields":{
          "created_at":"2025-02-10T18:34:29.119Z",
          "updated_at":"2025-02-12T20:17:59.206Z",
          "component":13,
          "app_climate_item":26,
          "is_check":true,
          "not_apply":false
       }
    },
    {
       "model":"catalog.componentappclimate",
       "pk":313,
       "fields":{
          "created_at":"2025-02-10T18:34:29.120Z",
          "updated_at":"2025-02-10T18:34:29.120Z",
          "component":14,
          "app_climate_item":1,
          "is_check":false,
          "not_apply":false
       }
    },
    {
       "model":"catalog.componentappclimate",
       "pk":314,
       "fields":{
          "created_at":"2025-02-10T18:34:29.120Z",
          "updated_at":"2025-02-10T18:34:29.120Z",
          "component":14,
          "app_climate_item":2,
          "is_check":false,
          "not_apply":false
       }
    },
    {
       "model":"catalog.componentappclimate",
       "pk":316,
       "fields":{
          "created_at":"2025-02-10T18:34:29.122Z",
          "updated_at":"2025-02-10T18:34:29.122Z",
          "component":14,
          "app_climate_item":4,
          "is_check":false,
          "not_apply":false
       }
    },
    {
       "model":"catalog.componentappclimate",
       "pk":317,
       "fields":{
          "created_at":"2025-02-10T18:34:29.122Z",
          "updated_at":"2025-02-10T18:34:29.122Z",
          "component":14,
          "app_climate_item":5,
          "is_check":false,
          "not_apply":false
       }
    },
    {
       "model":"catalog.componentappclimate",
       "pk":318,
       "fields":{
          "created_at":"2025-02-10T18:34:29.123Z",
          "updated_at":"2025-02-10T18:34:29.123Z",
          "component":14,
          "app_climate_item":6,
          "is_check":false,
          "not_apply":false
       }
    },
    {
       "model":"catalog.componentappclimate",
       "pk":319,
       "fields":{
          "created_at":"2025-02-10T18:34:29.124Z",
          "updated_at":"2025-02-10T18:34:29.124Z",
          "component":14,
          "app_climate_item":7,
          "is_check":false,
          "not_apply":false
       }
    },
    {
       "model":"catalog.componentappclimate",
       "pk":320,
       "fields":{
          "created_at":"2025-02-10T18:34:29.124Z",
          "updated_at":"2025-02-10T18:34:29.124Z",
          "component":14,
          "app_climate_item":8,
          "is_check":false,
          "not_apply":false
       }
    },
    {
       "model":"catalog.componentappclimate",
       "pk":321,
       "fields":{
          "created_at":"2025-02-10T18:34:29.125Z",
          "updated_at":"2025-02-10T18:34:29.125Z",
          "component":14,
          "app_climate_item":9,
          "is_check":false,
          "not_apply":false
       }
    },
    {
       "model":"catalog.componentappclimate",
       "pk":322,
       "fields":{
          "created_at":"2025-02-10T18:34:29.126Z",
          "updated_at":"2025-02-10T18:34:29.126Z",
          "component":14,
          "app_climate_item":10,
          "is_check":false,
          "not_apply":false
       }
    },
    {
       "model":"catalog.componentappclimate",
       "pk":323,
       "fields":{
          "created_at":"2025-02-10T18:34:29.126Z",
          "updated_at":"2025-02-10T18:34:29.126Z",
          "component":14,
          "app_climate_item":11,
          "is_check":false,
          "not_apply":false
       }
    },
    {
       "model":"catalog.componentappclimate",
       "pk":324,
       "fields":{
          "created_at":"2025-02-10T18:34:29.127Z",
          "updated_at":"2025-02-10T18:34:29.127Z",
          "component":14,
          "app_climate_item":12,
          "is_check":false,
          "not_apply":false
       }
    },
    {
       "model":"catalog.componentappclimate",
       "pk":325,
       "fields":{
          "created_at":"2025-02-10T18:34:29.128Z",
          "updated_at":"2025-02-10T18:34:29.128Z",
          "component":14,
          "app_climate_item":13,
          "is_check":false,
          "not_apply":false
       }
    },
    {
       "model":"catalog.componentappclimate",
       "pk":326,
       "fields":{
          "created_at":"2025-02-10T18:34:29.128Z",
          "updated_at":"2025-02-10T18:34:29.128Z",
          "component":14,
          "app_climate_item":14,
          "is_check":false,
          "not_apply":false
       }
    },
    {
       "model":"catalog.componentappclimate",
       "pk":327,
       "fields":{
          "created_at":"2025-02-10T18:34:29.129Z",
          "updated_at":"2025-02-10T18:34:29.129Z",
          "component":14,
          "app_climate_item":15,
          "is_check":false,
          "not_apply":false
       }
    },
    {
       "model":"catalog.componentappclimate",
       "pk":328,
       "fields":{
          "created_at":"2025-02-10T18:34:29.130Z",
          "updated_at":"2025-02-10T18:34:29.130Z",
          "component":14,
          "app_climate_item":16,
          "is_check":false,
          "not_apply":false
       }
    },
    {
       "model":"catalog.componentappclimate",
       "pk":329,
       "fields":{
          "created_at":"2025-02-10T18:34:29.130Z",
          "updated_at":"2025-02-10T18:34:29.130Z",
          "component":14,
          "app_climate_item":17,
          "is_check":false,
          "not_apply":false
       }
    },
    {
       "model":"catalog.componentappclimate",
       "pk":330,
       "fields":{
          "created_at":"2025-02-10T18:34:29.131Z",
          "updated_at":"2025-02-10T18:34:29.131Z",
          "component":14,
          "app_climate_item":18,
          "is_check":false,
          "not_apply":false
       }
    },
    {
       "model":"catalog.componentappclimate",
       "pk":331,
       "fields":{
          "created_at":"2025-02-10T18:34:29.132Z",
          "updated_at":"2025-02-10T18:34:29.132Z",
          "component":14,
          "app_climate_item":19,
          "is_check":false,
          "not_apply":false
       }
    },
    {
       "model":"catalog.componentappclimate",
       "pk":332,
       "fields":{
          "created_at":"2025-02-10T18:34:29.132Z",
          "updated_at":"2025-02-10T18:34:29.132Z",
          "component":14,
          "app_climate_item":20,
          "is_check":false,
          "not_apply":false
       }
    },
    {
       "model":"catalog.componentappclimate",
       "pk":333,
       "fields":{
          "created_at":"2025-02-10T18:34:29.133Z",
          "updated_at":"2025-02-10T18:34:29.133Z",
          "component":14,
          "app_climate_item":21,
          "is_check":false,
          "not_apply":false
       }
    },
    {
       "model":"catalog.componentappclimate",
       "pk":334,
       "fields":{
          "created_at":"2025-02-10T18:34:29.133Z",
          "updated_at":"2025-02-10T18:34:29.133Z",
          "component":14,
          "app_climate_item":22,
          "is_check":false,
          "not_apply":false
       }
    },
    {
       "model":"catalog.componentappclimate",
       "pk":335,
       "fields":{
          "created_at":"2025-02-10T18:34:29.134Z",
          "updated_at":"2025-02-10T18:34:29.134Z",
          "component":14,
          "app_climate_item":23,
          "is_check":false,
          "not_apply":false
       }
    },
    {
       "model":"catalog.componentappclimate",
       "pk":336,
       "fields":{
          "created_at":"2025-02-10T18:34:29.135Z",
          "updated_at":"2025-02-10T18:34:29.135Z",
          "component":14,
          "app_climate_item":24,
          "is_check":false,
          "not_apply":false
       }
    },
    {
       "model":"catalog.componentappclimate",
       "pk":337,
       "fields":{
          "created_at":"2025-02-10T18:34:29.135Z",
          "updated_at":"2025-02-10T18:34:29.135Z",
          "component":14,
          "app_climate_item":25,
          "is_check":false,
          "not_apply":false
       }
    },
    {
       "model":"catalog.componentappclimate",
       "pk":338,
       "fields":{
          "created_at":"2025-02-10T18:34:29.136Z",
          "updated_at":"2025-02-10T18:34:29.136Z",
          "component":14,
          "app_climate_item":26,
          "is_check":false,
          "not_apply":false
       }
    },
    {
       "model":"catalog.componentappclimate",
       "pk":339,
       "fields":{
          "created_at":"2025-02-10T18:34:29.137Z",
          "updated_at":"2025-02-10T18:34:29.137Z",
          "component":15,
          "app_climate_item":1,
          "is_check":false,
          "not_apply":false
       }
    },
    {
       "model":"catalog.componentappclimate",
       "pk":340,
       "fields":{
          "created_at":"2025-02-10T18:34:29.137Z",
          "updated_at":"2025-02-10T18:34:29.137Z",
          "component":15,
          "app_climate_item":2,
          "is_check":false,
          "not_apply":false
       }
    },
    {
       "model":"catalog.componentappclimate",
       "pk":342,
       "fields":{
          "created_at":"2025-02-10T18:34:29.139Z",
          "updated_at":"2025-02-10T18:34:29.139Z",
          "component":15,
          "app_climate_item":4,
          "is_check":false,
          "not_apply":false
       }
    },
    {
       "model":"catalog.componentappclimate",
       "pk":343,
       "fields":{
          "created_at":"2025-02-10T18:34:29.139Z",
          "updated_at":"2025-02-10T18:34:29.139Z",
          "component":15,
          "app_climate_item":5,
          "is_check":false,
          "not_apply":false
       }
    },
    {
       "model":"catalog.componentappclimate",
       "pk":344,
       "fields":{
          "created_at":"2025-02-10T18:34:29.140Z",
          "updated_at":"2025-02-10T18:34:29.140Z",
          "component":15,
          "app_climate_item":6,
          "is_check":false,
          "not_apply":false
       }
    },
    {
       "model":"catalog.componentappclimate",
       "pk":345,
       "fields":{
          "created_at":"2025-02-10T18:34:29.140Z",
          "updated_at":"2025-02-10T18:34:29.140Z",
          "component":15,
          "app_climate_item":7,
          "is_check":false,
          "not_apply":false
       }
    },
    {
       "model":"catalog.componentappclimate",
       "pk":346,
       "fields":{
          "created_at":"2025-02-10T18:34:29.141Z",
          "updated_at":"2025-02-10T18:34:29.141Z",
          "component":15,
          "app_climate_item":8,
          "is_check":false,
          "not_apply":false
       }
    },
    {
       "model":"catalog.componentappclimate",
       "pk":347,
       "fields":{
          "created_at":"2025-02-10T18:34:29.142Z",
          "updated_at":"2025-02-10T18:34:29.142Z",
          "component":15,
          "app_climate_item":9,
          "is_check":false,
          "not_apply":false
       }
    },
    {
       "model":"catalog.componentappclimate",
       "pk":348,
       "fields":{
          "created_at":"2025-02-10T18:34:29.142Z",
          "updated_at":"2025-02-10T18:34:29.142Z",
          "component":15,
          "app_climate_item":10,
          "is_check":false,
          "not_apply":false
       }
    },
    {
       "model":"catalog.componentappclimate",
       "pk":349,
       "fields":{
          "created_at":"2025-02-10T18:34:29.143Z",
          "updated_at":"2025-02-10T18:34:29.143Z",
          "component":15,
          "app_climate_item":11,
          "is_check":false,
          "not_apply":false
       }
    },
    {
       "model":"catalog.componentappclimate",
       "pk":350,
       "fields":{
          "created_at":"2025-02-10T18:34:29.144Z",
          "updated_at":"2025-02-10T18:34:29.144Z",
          "component":15,
          "app_climate_item":12,
          "is_check":false,
          "not_apply":false
       }
    },
    {
       "model":"catalog.componentappclimate",
       "pk":351,
       "fields":{
          "created_at":"2025-02-10T18:34:29.144Z",
          "updated_at":"2025-02-10T18:34:29.144Z",
          "component":15,
          "app_climate_item":13,
          "is_check":false,
          "not_apply":false
       }
    },
    {
       "model":"catalog.componentappclimate",
       "pk":352,
       "fields":{
          "created_at":"2025-02-10T18:34:29.145Z",
          "updated_at":"2025-02-10T18:34:29.145Z",
          "component":15,
          "app_climate_item":14,
          "is_check":false,
          "not_apply":false
       }
    },
    {
       "model":"catalog.componentappclimate",
       "pk":353,
       "fields":{
          "created_at":"2025-02-10T18:34:29.146Z",
          "updated_at":"2025-02-10T18:34:29.146Z",
          "component":15,
          "app_climate_item":15,
          "is_check":false,
          "not_apply":false
       }
    },
    {
       "model":"catalog.componentappclimate",
       "pk":354,
       "fields":{
          "created_at":"2025-02-10T18:34:29.146Z",
          "updated_at":"2025-02-10T18:34:29.146Z",
          "component":15,
          "app_climate_item":16,
          "is_check":false,
          "not_apply":false
       }
    },
    {
       "model":"catalog.componentappclimate",
       "pk":355,
       "fields":{
          "created_at":"2025-02-10T18:34:29.147Z",
          "updated_at":"2025-02-10T18:34:29.147Z",
          "component":15,
          "app_climate_item":17,
          "is_check":false,
          "not_apply":false
       }
    },
    {
       "model":"catalog.componentappclimate",
       "pk":356,
       "fields":{
          "created_at":"2025-02-10T18:34:29.148Z",
          "updated_at":"2025-02-10T18:34:29.148Z",
          "component":15,
          "app_climate_item":18,
          "is_check":false,
          "not_apply":false
       }
    },
    {
       "model":"catalog.componentappclimate",
       "pk":357,
       "fields":{
          "created_at":"2025-02-10T18:34:29.148Z",
          "updated_at":"2025-02-10T18:34:29.148Z",
          "component":15,
          "app_climate_item":19,
          "is_check":false,
          "not_apply":false
       }
    },
    {
       "model":"catalog.componentappclimate",
       "pk":358,
       "fields":{
          "created_at":"2025-02-10T18:34:29.149Z",
          "updated_at":"2025-02-10T18:34:29.149Z",
          "component":15,
          "app_climate_item":20,
          "is_check":false,
          "not_apply":false
       }
    },
    {
       "model":"catalog.componentappclimate",
       "pk":359,
       "fields":{
          "created_at":"2025-02-10T18:34:29.149Z",
          "updated_at":"2025-02-10T18:34:29.149Z",
          "component":15,
          "app_climate_item":21,
          "is_check":false,
          "not_apply":false
       }
    },
    {
       "model":"catalog.componentappclimate",
       "pk":360,
       "fields":{
          "created_at":"2025-02-10T18:34:29.150Z",
          "updated_at":"2025-02-10T18:34:29.150Z",
          "component":15,
          "app_climate_item":22,
          "is_check":false,
          "not_apply":false
       }
    },
    {
       "model":"catalog.componentappclimate",
       "pk":361,
       "fields":{
          "created_at":"2025-02-10T18:34:29.151Z",
          "updated_at":"2025-02-10T18:34:29.151Z",
          "component":15,
          "app_climate_item":23,
          "is_check":false,
          "not_apply":false
       }
    },
    {
       "model":"catalog.componentappclimate",
       "pk":362,
       "fields":{
          "created_at":"2025-02-10T18:34:29.151Z",
          "updated_at":"2025-02-10T18:34:29.151Z",
          "component":15,
          "app_climate_item":24,
          "is_check":false,
          "not_apply":false
       }
    },
    {
       "model":"catalog.componentappclimate",
       "pk":363,
       "fields":{
          "created_at":"2025-02-10T18:34:29.152Z",
          "updated_at":"2025-02-10T18:34:29.152Z",
          "component":15,
          "app_climate_item":25,
          "is_check":false,
          "not_apply":false
       }
    },
    {
       "model":"catalog.componentappclimate",
       "pk":364,
       "fields":{
          "created_at":"2025-02-10T18:34:29.153Z",
          "updated_at":"2025-02-10T18:34:29.153Z",
          "component":15,
          "app_climate_item":26,
          "is_check":false,
          "not_apply":false
       }
    },
    {
       "model":"catalog.componentappclimate",
       "pk":365,
       "fields":{
          "created_at":"2025-02-10T18:34:29.153Z",
          "updated_at":"2025-02-10T22:46:45.247Z",
          "component":16,
          "app_climate_item":1,
          "is_check":true,
          "not_apply":false
       }
    },
    {
       "model":"catalog.componentappclimate",
       "pk":366,
       "fields":{
          "created_at":"2025-02-10T18:34:29.154Z",
          "updated_at":"2025-02-10T22:46:45.247Z",
          "component":16,
          "app_climate_item":2,
          "is_check":true,
          "not_apply":false
       }
    },
    {
       "model":"catalog.componentappclimate",
       "pk":368,
       "fields":{
          "created_at":"2025-02-10T18:34:29.155Z",
          "updated_at":"2025-02-10T22:46:45.246Z",
          "component":16,
          "app_climate_item":4,
          "is_check":true,
          "not_apply":false
       }
    },
    {
       "model":"catalog.componentappclimate",
       "pk":369,
       "fields":{
          "created_at":"2025-02-10T18:34:29.156Z",
          "updated_at":"2025-02-10T22:46:45.247Z",
          "component":16,
          "app_climate_item":5,
          "is_check":true,
          "not_apply":false
       }
    },
    {
       "model":"catalog.componentappclimate",
       "pk":370,
       "fields":{
          "created_at":"2025-02-10T18:34:29.156Z",
          "updated_at":"2025-02-10T22:46:45.247Z",
          "component":16,
          "app_climate_item":6,
          "is_check":true,
          "not_apply":false
       }
    },
    {
       "model":"catalog.componentappclimate",
       "pk":371,
       "fields":{
          "created_at":"2025-02-10T18:34:29.157Z",
          "updated_at":"2025-02-10T22:46:45.248Z",
          "component":16,
          "app_climate_item":7,
          "is_check":true,
          "not_apply":false
       }
    },
    {
       "model":"catalog.componentappclimate",
       "pk":372,
       "fields":{
          "created_at":"2025-02-10T18:34:29.158Z",
          "updated_at":"2025-02-10T22:46:45.248Z",
          "component":16,
          "app_climate_item":8,
          "is_check":true,
          "not_apply":false
       }
    },
    {
       "model":"catalog.componentappclimate",
       "pk":373,
       "fields":{
          "created_at":"2025-02-10T18:34:29.158Z",
          "updated_at":"2025-02-10T22:46:45.248Z",
          "component":16,
          "app_climate_item":9,
          "is_check":true,
          "not_apply":false
       }
    },
    {
       "model":"catalog.componentappclimate",
       "pk":374,
       "fields":{
          "created_at":"2025-02-10T18:34:29.159Z",
          "updated_at":"2025-02-10T22:46:45.250Z",
          "component":16,
          "app_climate_item":10,
          "is_check":true,
          "not_apply":false
       }
    },
    {
       "model":"catalog.componentappclimate",
       "pk":375,
       "fields":{
          "created_at":"2025-02-10T18:34:29.159Z",
          "updated_at":"2025-02-10T22:46:45.248Z",
          "component":16,
          "app_climate_item":11,
          "is_check":true,
          "not_apply":false
       }
    },
    {
       "model":"catalog.componentappclimate",
       "pk":376,
       "fields":{
          "created_at":"2025-02-10T18:34:29.160Z",
          "updated_at":"2025-02-10T22:46:45.249Z",
          "component":16,
          "app_climate_item":12,
          "is_check":true,
          "not_apply":false
       }
    },
    {
       "model":"catalog.componentappclimate",
       "pk":377,
       "fields":{
          "created_at":"2025-02-10T18:34:29.161Z",
          "updated_at":"2025-02-10T22:46:45.249Z",
          "component":16,
          "app_climate_item":13,
          "is_check":true,
          "not_apply":false
       }
    },
    {
       "model":"catalog.componentappclimate",
       "pk":378,
       "fields":{
          "created_at":"2025-02-10T18:34:29.161Z",
          "updated_at":"2025-02-10T22:46:45.248Z",
          "component":16,
          "app_climate_item":14,
          "is_check":true,
          "not_apply":false
       }
    },
    {
       "model":"catalog.componentappclimate",
       "pk":379,
       "fields":{
          "created_at":"2025-02-10T18:34:29.162Z",
          "updated_at":"2025-02-10T22:46:45.250Z",
          "component":16,
          "app_climate_item":15,
          "is_check":true,
          "not_apply":false
       }
    },
    {
       "model":"catalog.componentappclimate",
       "pk":380,
       "fields":{
          "created_at":"2025-02-10T18:34:29.163Z",
          "updated_at":"2025-02-10T22:46:45.250Z",
          "component":16,
          "app_climate_item":16,
          "is_check":true,
          "not_apply":false
       }
    },
    {
       "model":"catalog.componentappclimate",
       "pk":381,
       "fields":{
          "created_at":"2025-02-10T18:34:29.163Z",
          "updated_at":"2025-02-10T22:46:45.250Z",
          "component":16,
          "app_climate_item":17,
          "is_check":true,
          "not_apply":false
       }
    },
    {
       "model":"catalog.componentappclimate",
       "pk":382,
       "fields":{
          "created_at":"2025-02-10T18:34:29.164Z",
          "updated_at":"2025-02-10T22:46:45.250Z",
          "component":16,
          "app_climate_item":18,
          "is_check":true,
          "not_apply":false
       }
    },
    {
       "model":"catalog.componentappclimate",
       "pk":383,
       "fields":{
          "created_at":"2025-02-10T18:34:29.165Z",
          "updated_at":"2025-02-10T22:46:45.251Z",
          "component":16,
          "app_climate_item":19,
          "is_check":true,
          "not_apply":false
       }
    },
    {
       "model":"catalog.componentappclimate",
       "pk":384,
       "fields":{
          "created_at":"2025-02-10T18:34:29.165Z",
          "updated_at":"2025-02-10T22:46:45.251Z",
          "component":16,
          "app_climate_item":20,
          "is_check":true,
          "not_apply":false
       }
    },
    {
       "model":"catalog.componentappclimate",
       "pk":385,
       "fields":{
          "created_at":"2025-02-10T18:34:29.166Z",
          "updated_at":"2025-02-10T22:46:45.251Z",
          "component":16,
          "app_climate_item":21,
          "is_check":true,
          "not_apply":false
       }
    },
    {
       "model":"catalog.componentappclimate",
       "pk":386,
       "fields":{
          "created_at":"2025-02-10T18:34:29.167Z",
          "updated_at":"2025-02-10T18:34:29.167Z",
          "component":16,
          "app_climate_item":22,
          "is_check":false,
          "not_apply":false
       }
    },
    {
       "model":"catalog.componentappclimate",
       "pk":387,
       "fields":{
          "created_at":"2025-02-10T18:34:29.167Z",
          "updated_at":"2025-02-10T18:34:29.167Z",
          "component":16,
          "app_climate_item":23,
          "is_check":false,
          "not_apply":false
       }
    },
    {
       "model":"catalog.componentappclimate",
       "pk":388,
       "fields":{
          "created_at":"2025-02-10T18:34:29.168Z",
          "updated_at":"2025-02-10T22:46:45.251Z",
          "component":16,
          "app_climate_item":24,
          "is_check":false,
          "not_apply":true
       }
    },
    {
       "model":"catalog.componentappclimate",
       "pk":389,
       "fields":{
          "created_at":"2025-02-10T18:34:29.168Z",
          "updated_at":"2025-02-10T22:46:45.251Z",
          "component":16,
          "app_climate_item":25,
          "is_check":true,
          "not_apply":false
       }
    },
    {
       "model":"catalog.componentappclimate",
       "pk":390,
       "fields":{
          "created_at":"2025-02-10T18:34:29.169Z",
          "updated_at":"2025-02-10T22:46:45.252Z",
          "component":16,
          "app_climate_item":26,
          "is_check":true,
          "not_apply":false
       }
    },
    {
       "model":"catalog.componentappclimate",
       "pk":391,
       "fields":{
          "created_at":"2025-02-10T18:34:29.170Z",
          "updated_at":"2025-02-10T22:51:14.457Z",
          "component":17,
          "app_climate_item":1,
          "is_check":false,
          "not_apply":true
       }
    },
    {
       "model":"catalog.componentappclimate",
       "pk":392,
       "fields":{
          "created_at":"2025-02-10T18:34:29.170Z",
          "updated_at":"2025-02-10T22:51:14.457Z",
          "component":17,
          "app_climate_item":2,
          "is_check":false,
          "not_apply":true
       }
    },
    {
       "model":"catalog.componentappclimate",
       "pk":394,
       "fields":{
          "created_at":"2025-02-10T18:34:29.171Z",
          "updated_at":"2025-02-10T22:51:14.456Z",
          "component":17,
          "app_climate_item":4,
          "is_check":false,
          "not_apply":true
       }
    },
    {
       "model":"catalog.componentappclimate",
       "pk":395,
       "fields":{
          "created_at":"2025-02-10T18:34:29.172Z",
          "updated_at":"2025-02-10T22:51:14.457Z",
          "component":17,
          "app_climate_item":5,
          "is_check":true,
          "not_apply":false
       }
    },
    {
       "model":"catalog.componentappclimate",
       "pk":396,
       "fields":{
          "created_at":"2025-02-10T18:34:29.173Z",
          "updated_at":"2025-02-10T22:51:14.457Z",
          "component":17,
          "app_climate_item":6,
          "is_check":false,
          "not_apply":true
       }
    },
    {
       "model":"catalog.componentappclimate",
       "pk":397,
       "fields":{
          "created_at":"2025-02-10T18:34:29.173Z",
          "updated_at":"2025-02-10T22:51:14.458Z",
          "component":17,
          "app_climate_item":7,
          "is_check":true,
          "not_apply":false
       }
    },
    {
       "model":"catalog.componentappclimate",
       "pk":398,
       "fields":{
          "created_at":"2025-02-10T18:34:29.174Z",
          "updated_at":"2025-02-10T22:51:14.458Z",
          "component":17,
          "app_climate_item":8,
          "is_check":true,
          "not_apply":false
       }
    },
    {
       "model":"catalog.componentappclimate",
       "pk":399,
       "fields":{
          "created_at":"2025-02-10T18:34:29.174Z",
          "updated_at":"2025-02-10T22:51:14.458Z",
          "component":17,
          "app_climate_item":9,
          "is_check":true,
          "not_apply":false
       }
    },
    {
       "model":"catalog.componentappclimate",
       "pk":400,
       "fields":{
          "created_at":"2025-02-10T18:34:29.175Z",
          "updated_at":"2025-02-10T18:34:29.175Z",
          "component":17,
          "app_climate_item":10,
          "is_check":false,
          "not_apply":false
       }
    },
    {
       "model":"catalog.componentappclimate",
       "pk":401,
       "fields":{
          "created_at":"2025-02-10T18:34:29.176Z",
          "updated_at":"2025-02-10T18:34:29.176Z",
          "component":17,
          "app_climate_item":11,
          "is_check":false,
          "not_apply":false
       }
    },
    {
       "model":"catalog.componentappclimate",
       "pk":402,
       "fields":{
          "created_at":"2025-02-10T18:34:29.176Z",
          "updated_at":"2025-02-10T22:51:14.459Z",
          "component":17,
          "app_climate_item":12,
          "is_check":true,
          "not_apply":false
       }
    },
    {
       "model":"catalog.componentappclimate",
       "pk":403,
       "fields":{
          "created_at":"2025-02-10T18:34:29.177Z",
          "updated_at":"2025-02-10T22:51:14.459Z",
          "component":17,
          "app_climate_item":13,
          "is_check":true,
          "not_apply":false
       }
    },
    {
       "model":"catalog.componentappclimate",
       "pk":404,
       "fields":{
          "created_at":"2025-02-10T18:34:29.177Z",
          "updated_at":"2025-02-10T22:51:14.458Z",
          "component":17,
          "app_climate_item":14,
          "is_check":false,
          "not_apply":true
       }
    },
    {
       "model":"catalog.componentappclimate",
       "pk":405,
       "fields":{
          "created_at":"2025-02-10T18:34:29.178Z",
          "updated_at":"2025-02-10T22:51:14.459Z",
          "component":17,
          "app_climate_item":15,
          "is_check":false,
          "not_apply":true
       }
    },
    {
       "model":"catalog.componentappclimate",
       "pk":406,
       "fields":{
          "created_at":"2025-02-10T18:34:29.179Z",
          "updated_at":"2025-02-10T22:51:14.459Z",
          "component":17,
          "app_climate_item":16,
          "is_check":false,
          "not_apply":true
       }
    },
    {
       "model":"catalog.componentappclimate",
       "pk":407,
       "fields":{
          "created_at":"2025-02-10T18:34:29.179Z",
          "updated_at":"2025-02-10T22:51:14.459Z",
          "component":17,
          "app_climate_item":17,
          "is_check":false,
          "not_apply":true
       }
    },
    {
       "model":"catalog.componentappclimate",
       "pk":408,
       "fields":{
          "created_at":"2025-02-10T18:34:29.180Z",
          "updated_at":"2025-02-10T22:51:14.460Z",
          "component":17,
          "app_climate_item":18,
          "is_check":false,
          "not_apply":true
       }
    },
    {
       "model":"catalog.componentappclimate",
       "pk":409,
       "fields":{
          "created_at":"2025-02-10T18:34:29.181Z",
          "updated_at":"2025-02-10T22:51:14.460Z",
          "component":17,
          "app_climate_item":19,
          "is_check":false,
          "not_apply":true
       }
    },
    {
       "model":"catalog.componentappclimate",
       "pk":410,
       "fields":{
          "created_at":"2025-02-10T18:34:29.181Z",
          "updated_at":"2025-02-10T22:51:14.460Z",
          "component":17,
          "app_climate_item":20,
          "is_check":false,
          "not_apply":true
       }
    },
    {
       "model":"catalog.componentappclimate",
       "pk":411,
       "fields":{
          "created_at":"2025-02-10T18:34:29.182Z",
          "updated_at":"2025-02-10T22:51:14.460Z",
          "component":17,
          "app_climate_item":21,
          "is_check":false,
          "not_apply":true
       }
    },
    {
       "model":"catalog.componentappclimate",
       "pk":412,
       "fields":{
          "created_at":"2025-02-10T18:34:29.183Z",
          "updated_at":"2025-02-10T22:51:14.461Z",
          "component":17,
          "app_climate_item":22,
          "is_check":false,
          "not_apply":true
       }
    },
    {
       "model":"catalog.componentappclimate",
       "pk":413,
       "fields":{
          "created_at":"2025-02-10T18:34:29.183Z",
          "updated_at":"2025-02-10T18:34:29.183Z",
          "component":17,
          "app_climate_item":23,
          "is_check":false,
          "not_apply":false
       }
    },
    {
       "model":"catalog.componentappclimate",
       "pk":414,
       "fields":{
          "created_at":"2025-02-10T18:34:29.184Z",
          "updated_at":"2025-02-10T22:51:14.461Z",
          "component":17,
          "app_climate_item":24,
          "is_check":false,
          "not_apply":true
       }
    },
    {
       "model":"catalog.componentappclimate",
       "pk":415,
       "fields":{
          "created_at":"2025-02-10T18:34:29.185Z",
          "updated_at":"2025-02-10T18:34:29.185Z",
          "component":17,
          "app_climate_item":25,
          "is_check":false,
          "not_apply":false
       }
    },
    {
       "model":"catalog.componentappclimate",
       "pk":416,
       "fields":{
          "created_at":"2025-02-10T18:34:29.185Z",
          "updated_at":"2025-02-10T18:34:29.185Z",
          "component":17,
          "app_climate_item":26,
          "is_check":false,
          "not_apply":false
       }
    },
    {
       "model":"catalog.componentappclimate",
       "pk":417,
       "fields":{
          "created_at":"2025-02-10T18:34:29.186Z",
          "updated_at":"2025-02-10T22:44:43.737Z",
          "component":18,
          "app_climate_item":1,
          "is_check":false,
          "not_apply":true
       }
    },
    {
       "model":"catalog.componentappclimate",
       "pk":418,
       "fields":{
          "created_at":"2025-02-10T18:34:29.187Z",
          "updated_at":"2025-02-10T22:44:43.737Z",
          "component":18,
          "app_climate_item":2,
          "is_check":false,
          "not_apply":true
       }
    },
    {
       "model":"catalog.componentappclimate",
       "pk":420,
       "fields":{
          "created_at":"2025-02-10T18:34:29.188Z",
          "updated_at":"2025-02-10T22:44:43.736Z",
          "component":18,
          "app_climate_item":4,
          "is_check":true,
          "not_apply":false
       }
    },
    {
       "model":"catalog.componentappclimate",
       "pk":421,
       "fields":{
          "created_at":"2025-02-10T18:34:29.188Z",
          "updated_at":"2025-02-10T22:44:43.737Z",
          "component":18,
          "app_climate_item":5,
          "is_check":true,
          "not_apply":false
       }
    },
    {
       "model":"catalog.componentappclimate",
       "pk":422,
       "fields":{
          "created_at":"2025-02-10T18:34:29.189Z",
          "updated_at":"2025-02-10T18:34:29.189Z",
          "component":18,
          "app_climate_item":6,
          "is_check":false,
          "not_apply":false
       }
    },
    {
       "model":"catalog.componentappclimate",
       "pk":423,
       "fields":{
          "created_at":"2025-02-10T18:34:29.190Z",
          "updated_at":"2025-02-10T22:44:43.738Z",
          "component":18,
          "app_climate_item":7,
          "is_check":false,
          "not_apply":true
       }
    },
    {
       "model":"catalog.componentappclimate",
       "pk":424,
       "fields":{
          "created_at":"2025-02-10T18:34:29.190Z",
          "updated_at":"2025-02-10T22:44:43.738Z",
          "component":18,
          "app_climate_item":8,
          "is_check":false,
          "not_apply":true
       }
    },
    {
       "model":"catalog.componentappclimate",
       "pk":425,
       "fields":{
          "created_at":"2025-02-10T18:34:29.191Z",
          "updated_at":"2025-02-10T22:44:43.738Z",
          "component":18,
          "app_climate_item":9,
          "is_check":true,
          "not_apply":false
       }
    },
    {
       "model":"catalog.componentappclimate",
       "pk":426,
       "fields":{
          "created_at":"2025-02-10T18:34:29.191Z",
          "updated_at":"2025-02-10T18:34:29.191Z",
          "component":18,
          "app_climate_item":10,
          "is_check":false,
          "not_apply":false
       }
    },
    {
       "model":"catalog.componentappclimate",
       "pk":427,
       "fields":{
          "created_at":"2025-02-10T18:34:29.192Z",
          "updated_at":"2025-02-10T22:44:43.738Z",
          "component":18,
          "app_climate_item":11,
          "is_check":true,
          "not_apply":false
       }
    },
    {
       "model":"catalog.componentappclimate",
       "pk":428,
       "fields":{
          "created_at":"2025-02-10T18:34:29.193Z",
          "updated_at":"2025-02-10T22:44:43.739Z",
          "component":18,
          "app_climate_item":12,
          "is_check":true,
          "not_apply":false
       }
    },
    {
       "model":"catalog.componentappclimate",
       "pk":429,
       "fields":{
          "created_at":"2025-02-10T18:34:29.193Z",
          "updated_at":"2025-02-10T22:44:43.739Z",
          "component":18,
          "app_climate_item":13,
          "is_check":true,
          "not_apply":false
       }
    },
    {
       "model":"catalog.componentappclimate",
       "pk":430,
       "fields":{
          "created_at":"2025-02-10T18:34:29.194Z",
          "updated_at":"2025-02-10T18:34:29.194Z",
          "component":18,
          "app_climate_item":14,
          "is_check":false,
          "not_apply":false
       }
    },
    {
       "model":"catalog.componentappclimate",
       "pk":431,
       "fields":{
          "created_at":"2025-02-10T18:34:29.195Z",
          "updated_at":"2025-02-10T22:44:43.740Z",
          "component":18,
          "app_climate_item":15,
          "is_check":true,
          "not_apply":false
       }
    },
    {
       "model":"catalog.componentappclimate",
       "pk":432,
       "fields":{
          "created_at":"2025-02-10T18:34:29.195Z",
          "updated_at":"2025-02-10T22:44:43.740Z",
          "component":18,
          "app_climate_item":16,
          "is_check":true,
          "not_apply":false
       }
    },
    {
       "model":"catalog.componentappclimate",
       "pk":433,
       "fields":{
          "created_at":"2025-02-10T18:34:29.196Z",
          "updated_at":"2025-02-10T22:44:43.740Z",
          "component":18,
          "app_climate_item":17,
          "is_check":true,
          "not_apply":false
       }
    },
    {
       "model":"catalog.componentappclimate",
       "pk":434,
       "fields":{
          "created_at":"2025-02-10T18:34:29.197Z",
          "updated_at":"2025-02-10T22:44:43.740Z",
          "component":18,
          "app_climate_item":18,
          "is_check":true,
          "not_apply":false
       }
    },
    {
       "model":"catalog.componentappclimate",
       "pk":435,
       "fields":{
          "created_at":"2025-02-10T18:34:29.197Z",
          "updated_at":"2025-02-10T22:44:43.740Z",
          "component":18,
          "app_climate_item":19,
          "is_check":true,
          "not_apply":false
       }
    },
    {
       "model":"catalog.componentappclimate",
       "pk":436,
       "fields":{
          "created_at":"2025-02-10T18:34:29.198Z",
          "updated_at":"2025-02-10T22:44:43.741Z",
          "component":18,
          "app_climate_item":20,
          "is_check":true,
          "not_apply":false
       }
    },
    {
       "model":"catalog.componentappclimate",
       "pk":437,
       "fields":{
          "created_at":"2025-02-10T18:34:29.198Z",
          "updated_at":"2025-02-10T22:44:43.741Z",
          "component":18,
          "app_climate_item":21,
          "is_check":false,
          "not_apply":true
       }
    },
    {
       "model":"catalog.componentappclimate",
       "pk":438,
       "fields":{
          "created_at":"2025-02-10T18:34:29.199Z",
          "updated_at":"2025-02-10T18:34:29.199Z",
          "component":18,
          "app_climate_item":22,
          "is_check":false,
          "not_apply":false
       }
    },
    {
       "model":"catalog.componentappclimate",
       "pk":439,
       "fields":{
          "created_at":"2025-02-10T18:34:29.200Z",
          "updated_at":"2025-02-10T22:44:43.741Z",
          "component":18,
          "app_climate_item":23,
          "is_check":false,
          "not_apply":true
       }
    },
    {
       "model":"catalog.componentappclimate",
       "pk":440,
       "fields":{
          "created_at":"2025-02-10T18:34:29.201Z",
          "updated_at":"2025-02-10T18:34:29.201Z",
          "component":18,
          "app_climate_item":24,
          "is_check":false,
          "not_apply":false
       }
    },
    {
       "model":"catalog.componentappclimate",
       "pk":441,
       "fields":{
          "created_at":"2025-02-10T18:34:29.201Z",
          "updated_at":"2025-02-10T18:34:29.201Z",
          "component":18,
          "app_climate_item":25,
          "is_check":false,
          "not_apply":false
       }
    },
    {
       "model":"catalog.componentappclimate",
       "pk":442,
       "fields":{
          "created_at":"2025-02-10T18:34:29.202Z",
          "updated_at":"2025-02-10T18:34:29.202Z",
          "component":18,
          "app_climate_item":26,
          "is_check":false,
          "not_apply":false
       }
    },
    {
       "model":"catalog.componentappclimate",
       "pk":443,
       "fields":{
          "created_at":"2025-02-10T18:34:29.202Z",
          "updated_at":"2025-02-10T22:48:42.375Z",
          "component":19,
          "app_climate_item":1,
          "is_check":false,
          "not_apply":true
       }
    },
    {
       "model":"catalog.componentappclimate",
       "pk":444,
       "fields":{
          "created_at":"2025-02-10T18:34:29.203Z",
          "updated_at":"2025-02-10T22:48:42.375Z",
          "component":19,
          "app_climate_item":2,
          "is_check":false,
          "not_apply":true
       }
    },
    {
       "model":"catalog.componentappclimate",
       "pk":446,
       "fields":{
          "created_at":"2025-02-10T18:34:29.204Z",
          "updated_at":"2025-02-10T22:48:42.374Z",
          "component":19,
          "app_climate_item":4,
          "is_check":false,
          "not_apply":true
       }
    },
    {
       "model":"catalog.componentappclimate",
       "pk":447,
       "fields":{
          "created_at":"2025-02-10T18:34:29.205Z",
          "updated_at":"2025-02-10T22:48:42.374Z",
          "component":19,
          "app_climate_item":5,
          "is_check":true,
          "not_apply":false
       }
    },
    {
       "model":"catalog.componentappclimate",
       "pk":448,
       "fields":{
          "created_at":"2025-02-10T18:34:29.206Z",
          "updated_at":"2025-02-10T22:48:42.375Z",
          "component":19,
          "app_climate_item":6,
          "is_check":true,
          "not_apply":false
       }
    },
    {
       "model":"catalog.componentappclimate",
       "pk":449,
       "fields":{
          "created_at":"2025-02-10T18:34:29.206Z",
          "updated_at":"2025-02-10T22:48:42.375Z",
          "component":19,
          "app_climate_item":7,
          "is_check":true,
          "not_apply":false
       }
    },
    {
       "model":"catalog.componentappclimate",
       "pk":450,
       "fields":{
          "created_at":"2025-02-10T18:34:29.207Z",
          "updated_at":"2025-02-10T22:48:42.376Z",
          "component":19,
          "app_climate_item":8,
          "is_check":true,
          "not_apply":false
       }
    },
    {
       "model":"catalog.componentappclimate",
       "pk":451,
       "fields":{
          "created_at":"2025-02-10T18:34:29.207Z",
          "updated_at":"2025-02-10T22:48:42.376Z",
          "component":19,
          "app_climate_item":9,
          "is_check":true,
          "not_apply":false
       }
    },
    {
       "model":"catalog.componentappclimate",
       "pk":452,
       "fields":{
          "created_at":"2025-02-10T18:34:29.208Z",
          "updated_at":"2025-02-10T18:34:29.208Z",
          "component":19,
          "app_climate_item":10,
          "is_check":false,
          "not_apply":false
       }
    },
    {
       "model":"catalog.componentappclimate",
       "pk":453,
       "fields":{
          "created_at":"2025-02-10T18:34:29.209Z",
          "updated_at":"2025-02-10T22:48:42.376Z",
          "component":19,
          "app_climate_item":11,
          "is_check":true,
          "not_apply":false
       }
    },
    {
       "model":"catalog.componentappclimate",
       "pk":454,
       "fields":{
          "created_at":"2025-02-10T18:34:29.209Z",
          "updated_at":"2025-02-10T22:48:42.376Z",
          "component":19,
          "app_climate_item":12,
          "is_check":true,
          "not_apply":false
       }
    },
    {
       "model":"catalog.componentappclimate",
       "pk":455,
       "fields":{
          "created_at":"2025-02-10T18:34:29.210Z",
          "updated_at":"2025-02-10T22:48:42.376Z",
          "component":19,
          "app_climate_item":13,
          "is_check":true,
          "not_apply":false
       }
    },
    {
       "model":"catalog.componentappclimate",
       "pk":456,
       "fields":{
          "created_at":"2025-02-10T18:34:29.210Z",
          "updated_at":"2025-02-10T18:34:29.210Z",
          "component":19,
          "app_climate_item":14,
          "is_check":false,
          "not_apply":false
       }
    },
    {
       "model":"catalog.componentappclimate",
       "pk":457,
       "fields":{
          "created_at":"2025-02-10T18:34:29.211Z",
          "updated_at":"2025-02-10T18:34:29.211Z",
          "component":19,
          "app_climate_item":15,
          "is_check":false,
          "not_apply":false
       }
    },
    {
       "model":"catalog.componentappclimate",
       "pk":458,
       "fields":{
          "created_at":"2025-02-10T18:34:29.212Z",
          "updated_at":"2025-02-10T22:48:42.377Z",
          "component":19,
          "app_climate_item":16,
          "is_check":true,
          "not_apply":false
       }
    },
    {
       "model":"catalog.componentappclimate",
       "pk":459,
       "fields":{
          "created_at":"2025-02-10T18:34:29.212Z",
          "updated_at":"2025-02-10T18:34:29.212Z",
          "component":19,
          "app_climate_item":17,
          "is_check":false,
          "not_apply":false
       }
    },
    {
       "model":"catalog.componentappclimate",
       "pk":460,
       "fields":{
          "created_at":"2025-02-10T18:34:29.213Z",
          "updated_at":"2025-02-10T18:34:29.213Z",
          "component":19,
          "app_climate_item":18,
          "is_check":false,
          "not_apply":false
       }
    },
    {
       "model":"catalog.componentappclimate",
       "pk":461,
       "fields":{
          "created_at":"2025-02-10T18:34:29.213Z",
          "updated_at":"2025-02-10T22:48:42.377Z",
          "component":19,
          "app_climate_item":19,
          "is_check":true,
          "not_apply":false
       }
    },
    {
       "model":"catalog.componentappclimate",
       "pk":462,
       "fields":{
          "created_at":"2025-02-10T18:34:29.214Z",
          "updated_at":"2025-02-10T22:48:42.377Z",
          "component":19,
          "app_climate_item":20,
          "is_check":true,
          "not_apply":false
       }
    },
    {
       "model":"catalog.componentappclimate",
       "pk":463,
       "fields":{
          "created_at":"2025-02-10T18:34:29.215Z",
          "updated_at":"2025-02-10T18:34:29.215Z",
          "component":19,
          "app_climate_item":21,
          "is_check":false,
          "not_apply":false
       }
    },
    {
       "model":"catalog.componentappclimate",
       "pk":464,
       "fields":{
          "created_at":"2025-02-10T18:34:29.215Z",
          "updated_at":"2025-02-10T18:34:29.215Z",
          "component":19,
          "app_climate_item":22,
          "is_check":false,
          "not_apply":false
       }
    },
    {
       "model":"catalog.componentappclimate",
       "pk":465,
       "fields":{
          "created_at":"2025-02-10T18:34:29.216Z",
          "updated_at":"2025-02-10T18:34:29.216Z",
          "component":19,
          "app_climate_item":23,
          "is_check":false,
          "not_apply":false
       }
    },
    {
       "model":"catalog.componentappclimate",
       "pk":466,
       "fields":{
          "created_at":"2025-02-10T18:34:29.216Z",
          "updated_at":"2025-02-10T18:34:29.216Z",
          "component":19,
          "app_climate_item":24,
          "is_check":false,
          "not_apply":false
       }
    },
    {
       "model":"catalog.componentappclimate",
       "pk":467,
       "fields":{
          "created_at":"2025-02-10T18:34:29.217Z",
          "updated_at":"2025-02-10T18:34:29.217Z",
          "component":19,
          "app_climate_item":25,
          "is_check":false,
          "not_apply":false
       }
    },
    {
       "model":"catalog.componentappclimate",
       "pk":468,
       "fields":{
          "created_at":"2025-02-10T18:34:29.218Z",
          "updated_at":"2025-02-10T18:34:29.218Z",
          "component":19,
          "app_climate_item":26,
          "is_check":false,
          "not_apply":false
       }
    },
    {
       "model":"catalog.componentappclimate",
       "pk":469,
       "fields":{
          "created_at":"2025-02-10T18:34:29.219Z",
          "updated_at":"2025-02-10T22:59:15.185Z",
          "component":20,
          "app_climate_item":1,
          "is_check":false,
          "not_apply":true
       }
    },
    {
       "model":"catalog.componentappclimate",
       "pk":470,
       "fields":{
          "created_at":"2025-02-10T18:34:29.219Z",
          "updated_at":"2025-02-10T22:59:15.185Z",
          "component":20,
          "app_climate_item":2,
          "is_check":false,
          "not_apply":true
       }
    },
    {
       "model":"catalog.componentappclimate",
       "pk":472,
       "fields":{
          "created_at":"2025-02-10T18:34:29.220Z",
          "updated_at":"2025-02-10T22:59:15.184Z",
          "component":20,
          "app_climate_item":4,
          "is_check":false,
          "not_apply":true
       }
    },
    {
       "model":"catalog.componentappclimate",
       "pk":473,
       "fields":{
          "created_at":"2025-02-10T18:34:29.221Z",
          "updated_at":"2025-02-10T22:59:15.184Z",
          "component":20,
          "app_climate_item":5,
          "is_check":true,
          "not_apply":false
       }
    },
    {
       "model":"catalog.componentappclimate",
       "pk":474,
       "fields":{
          "created_at":"2025-02-10T18:34:29.222Z",
          "updated_at":"2025-02-10T22:59:15.185Z",
          "component":20,
          "app_climate_item":6,
          "is_check":true,
          "not_apply":false
       }
    },
    {
       "model":"catalog.componentappclimate",
       "pk":475,
       "fields":{
          "created_at":"2025-02-10T18:34:29.222Z",
          "updated_at":"2025-02-10T22:59:15.185Z",
          "component":20,
          "app_climate_item":7,
          "is_check":false,
          "not_apply":true
       }
    },
    {
       "model":"catalog.componentappclimate",
       "pk":476,
       "fields":{
          "created_at":"2025-02-10T18:34:29.223Z",
          "updated_at":"2025-02-10T22:59:15.185Z",
          "component":20,
          "app_climate_item":8,
          "is_check":false,
          "not_apply":true
       }
    },
    {
       "model":"catalog.componentappclimate",
       "pk":477,
       "fields":{
          "created_at":"2025-02-10T18:34:29.223Z",
          "updated_at":"2025-02-10T22:59:15.186Z",
          "component":20,
          "app_climate_item":9,
          "is_check":true,
          "not_apply":false
       }
    },
    {
       "model":"catalog.componentappclimate",
       "pk":478,
       "fields":{
          "created_at":"2025-02-10T18:34:29.224Z",
          "updated_at":"2025-02-10T18:34:29.224Z",
          "component":20,
          "app_climate_item":10,
          "is_check":false,
          "not_apply":false
       }
    },
    {
       "model":"catalog.componentappclimate",
       "pk":479,
       "fields":{
          "created_at":"2025-02-10T18:34:29.225Z",
          "updated_at":"2025-02-10T22:59:15.186Z",
          "component":20,
          "app_climate_item":11,
          "is_check":true,
          "not_apply":false
       }
    },
    {
       "model":"catalog.componentappclimate",
       "pk":480,
       "fields":{
          "created_at":"2025-02-10T18:34:29.225Z",
          "updated_at":"2025-02-10T22:59:15.186Z",
          "component":20,
          "app_climate_item":12,
          "is_check":true,
          "not_apply":false
       }
    },
    {
       "model":"catalog.componentappclimate",
       "pk":481,
       "fields":{
          "created_at":"2025-02-10T18:34:29.226Z",
          "updated_at":"2025-02-10T22:59:15.186Z",
          "component":20,
          "app_climate_item":13,
          "is_check":true,
          "not_apply":false
       }
    },
    {
       "model":"catalog.componentappclimate",
       "pk":482,
       "fields":{
          "created_at":"2025-02-10T18:34:29.226Z",
          "updated_at":"2025-02-10T22:59:15.186Z",
          "component":20,
          "app_climate_item":14,
          "is_check":true,
          "not_apply":false
       }
    },
    {
       "model":"catalog.componentappclimate",
       "pk":483,
       "fields":{
          "created_at":"2025-02-10T18:34:29.227Z",
          "updated_at":"2025-02-10T22:59:15.187Z",
          "component":20,
          "app_climate_item":15,
          "is_check":true,
          "not_apply":false
       }
    },
    {
       "model":"catalog.componentappclimate",
       "pk":484,
       "fields":{
          "created_at":"2025-02-10T18:34:29.228Z",
          "updated_at":"2025-02-10T22:59:15.188Z",
          "component":20,
          "app_climate_item":16,
          "is_check":true,
          "not_apply":false
       }
    },
    {
       "model":"catalog.componentappclimate",
       "pk":485,
       "fields":{
          "created_at":"2025-02-10T18:34:29.228Z",
          "updated_at":"2025-02-10T22:59:15.187Z",
          "component":20,
          "app_climate_item":17,
          "is_check":true,
          "not_apply":false
       }
    },
    {
       "model":"catalog.componentappclimate",
       "pk":486,
       "fields":{
          "created_at":"2025-02-10T18:34:29.229Z",
          "updated_at":"2025-02-10T22:59:15.187Z",
          "component":20,
          "app_climate_item":18,
          "is_check":true,
          "not_apply":false
       }
    },
    {
       "model":"catalog.componentappclimate",
       "pk":487,
       "fields":{
          "created_at":"2025-02-10T18:34:29.229Z",
          "updated_at":"2025-02-10T22:59:15.187Z",
          "component":20,
          "app_climate_item":19,
          "is_check":true,
          "not_apply":false
       }
    },
    {
       "model":"catalog.componentappclimate",
       "pk":488,
       "fields":{
          "created_at":"2025-02-10T18:34:29.230Z",
          "updated_at":"2025-02-10T22:59:15.187Z",
          "component":20,
          "app_climate_item":20,
          "is_check":true,
          "not_apply":false
       }
    },
    {
       "model":"catalog.componentappclimate",
       "pk":489,
       "fields":{
          "created_at":"2025-02-10T18:34:29.231Z",
          "updated_at":"2025-02-10T22:59:15.188Z",
          "component":20,
          "app_climate_item":21,
          "is_check":false,
          "not_apply":true
       }
    },
    {
       "model":"catalog.componentappclimate",
       "pk":490,
       "fields":{
          "created_at":"2025-02-10T18:34:29.231Z",
          "updated_at":"2025-02-10T22:59:15.188Z",
          "component":20,
          "app_climate_item":22,
          "is_check":false,
          "not_apply":true
       }
    },
    {
       "model":"catalog.componentappclimate",
       "pk":491,
       "fields":{
          "created_at":"2025-02-10T18:34:29.232Z",
          "updated_at":"2025-02-10T22:59:15.188Z",
          "component":20,
          "app_climate_item":23,
          "is_check":true,
          "not_apply":false
       }
    },
    {
       "model":"catalog.componentappclimate",
       "pk":492,
       "fields":{
          "created_at":"2025-02-10T18:34:29.232Z",
          "updated_at":"2025-02-10T18:34:29.232Z",
          "component":20,
          "app_climate_item":24,
          "is_check":false,
          "not_apply":false
       }
    },
    {
       "model":"catalog.componentappclimate",
       "pk":493,
       "fields":{
          "created_at":"2025-02-10T18:34:29.233Z",
          "updated_at":"2025-02-10T22:59:15.188Z",
          "component":20,
          "app_climate_item":25,
          "is_check":false,
          "not_apply":true
       }
    },
    {
       "model":"catalog.componentappclimate",
       "pk":494,
       "fields":{
          "created_at":"2025-02-10T18:34:29.234Z",
          "updated_at":"2025-02-10T18:34:29.234Z",
          "component":20,
          "app_climate_item":26,
          "is_check":false,
          "not_apply":false
       }
    },
    {
       "model":"catalog.componentappclimate",
       "pk":495,
       "fields":{
          "created_at":"2025-02-10T18:34:29.234Z",
          "updated_at":"2025-02-10T22:57:44.285Z",
          "component":21,
          "app_climate_item":1,
          "is_check":false,
          "not_apply":true
       }
    },
    {
       "model":"catalog.componentappclimate",
       "pk":496,
       "fields":{
          "created_at":"2025-02-10T18:34:29.235Z",
          "updated_at":"2025-02-10T22:57:44.285Z",
          "component":21,
          "app_climate_item":2,
          "is_check":false,
          "not_apply":true
       }
    },
    {
       "model":"catalog.componentappclimate",
       "pk":498,
       "fields":{
          "created_at":"2025-02-10T18:34:29.236Z",
          "updated_at":"2025-02-10T22:57:44.284Z",
          "component":21,
          "app_climate_item":4,
          "is_check":false,
          "not_apply":true
       }
    },
    {
       "model":"catalog.componentappclimate",
       "pk":499,
       "fields":{
          "created_at":"2025-02-10T18:34:29.237Z",
          "updated_at":"2025-02-10T22:57:44.285Z",
          "component":21,
          "app_climate_item":5,
          "is_check":true,
          "not_apply":false
       }
    },
    {
       "model":"catalog.componentappclimate",
       "pk":500,
       "fields":{
          "created_at":"2025-02-10T18:34:29.238Z",
          "updated_at":"2025-02-10T22:57:44.285Z",
          "component":21,
          "app_climate_item":6,
          "is_check":true,
          "not_apply":false
       }
    },
    {
       "model":"catalog.componentappclimate",
       "pk":501,
       "fields":{
          "created_at":"2025-02-10T18:34:29.238Z",
          "updated_at":"2025-02-10T22:57:44.285Z",
          "component":21,
          "app_climate_item":7,
          "is_check":true,
          "not_apply":false
       }
    },
    {
       "model":"catalog.componentappclimate",
       "pk":502,
       "fields":{
          "created_at":"2025-02-10T18:34:29.239Z",
          "updated_at":"2025-02-10T22:57:44.286Z",
          "component":21,
          "app_climate_item":8,
          "is_check":true,
          "not_apply":false
       }
    },
    {
       "model":"catalog.componentappclimate",
       "pk":503,
       "fields":{
          "created_at":"2025-02-10T18:34:29.240Z",
          "updated_at":"2025-02-10T22:57:44.286Z",
          "component":21,
          "app_climate_item":9,
          "is_check":true,
          "not_apply":false
       }
    },
    {
       "model":"catalog.componentappclimate",
       "pk":504,
       "fields":{
          "created_at":"2025-02-10T18:34:29.240Z",
          "updated_at":"2025-02-10T18:34:29.240Z",
          "component":21,
          "app_climate_item":10,
          "is_check":false,
          "not_apply":false
       }
    },
    {
       "model":"catalog.componentappclimate",
       "pk":505,
       "fields":{
          "created_at":"2025-02-10T18:34:29.241Z",
          "updated_at":"2025-02-10T22:57:44.286Z",
          "component":21,
          "app_climate_item":11,
          "is_check":true,
          "not_apply":false
       }
    },
    {
       "model":"catalog.componentappclimate",
       "pk":506,
       "fields":{
          "created_at":"2025-02-10T18:34:29.242Z",
          "updated_at":"2025-02-10T22:57:44.286Z",
          "component":21,
          "app_climate_item":12,
          "is_check":true,
          "not_apply":false
       }
    },
    {
       "model":"catalog.componentappclimate",
       "pk":507,
       "fields":{
          "created_at":"2025-02-10T18:34:29.242Z",
          "updated_at":"2025-02-10T22:57:44.286Z",
          "component":21,
          "app_climate_item":13,
          "is_check":true,
          "not_apply":false
       }
    },
    {
       "model":"catalog.componentappclimate",
       "pk":508,
       "fields":{
          "created_at":"2025-02-10T18:34:29.243Z",
          "updated_at":"2025-02-10T18:34:29.243Z",
          "component":21,
          "app_climate_item":14,
          "is_check":false,
          "not_apply":false
       }
    },
    {
       "model":"catalog.componentappclimate",
       "pk":509,
       "fields":{
          "created_at":"2025-02-10T18:34:29.244Z",
          "updated_at":"2025-02-10T18:34:29.244Z",
          "component":21,
          "app_climate_item":15,
          "is_check":false,
          "not_apply":false
       }
    },
    {
       "model":"catalog.componentappclimate",
       "pk":510,
       "fields":{
          "created_at":"2025-02-10T18:34:29.244Z",
          "updated_at":"2025-02-10T22:57:44.287Z",
          "component":21,
          "app_climate_item":16,
          "is_check":true,
          "not_apply":false
       }
    },
    {
       "model":"catalog.componentappclimate",
       "pk":511,
       "fields":{
          "created_at":"2025-02-10T18:34:29.245Z",
          "updated_at":"2025-02-10T22:57:44.286Z",
          "component":21,
          "app_climate_item":17,
          "is_check":true,
          "not_apply":false
       }
    },
    {
       "model":"catalog.componentappclimate",
       "pk":512,
       "fields":{
          "created_at":"2025-02-10T18:34:29.246Z",
          "updated_at":"2025-02-10T18:34:29.246Z",
          "component":21,
          "app_climate_item":18,
          "is_check":false,
          "not_apply":false
       }
    },
    {
       "model":"catalog.componentappclimate",
       "pk":513,
       "fields":{
          "created_at":"2025-02-10T18:34:29.246Z",
          "updated_at":"2025-02-10T22:57:44.286Z",
          "component":21,
          "app_climate_item":19,
          "is_check":true,
          "not_apply":false
       }
    },
    {
       "model":"catalog.componentappclimate",
       "pk":514,
       "fields":{
          "created_at":"2025-02-10T18:34:29.247Z",
          "updated_at":"2025-02-10T22:57:44.287Z",
          "component":21,
          "app_climate_item":20,
          "is_check":true,
          "not_apply":false
       }
    },
    {
       "model":"catalog.componentappclimate",
       "pk":515,
       "fields":{
          "created_at":"2025-02-10T18:34:29.247Z",
          "updated_at":"2025-02-10T22:57:44.287Z",
          "component":21,
          "app_climate_item":21,
          "is_check":true,
          "not_apply":false
       }
    },
    {
       "model":"catalog.componentappclimate",
       "pk":516,
       "fields":{
          "created_at":"2025-02-10T18:34:29.248Z",
          "updated_at":"2025-02-10T18:34:29.248Z",
          "component":21,
          "app_climate_item":22,
          "is_check":false,
          "not_apply":false
       }
    },
    {
       "model":"catalog.componentappclimate",
       "pk":517,
       "fields":{
          "created_at":"2025-02-10T18:34:29.249Z",
          "updated_at":"2025-02-10T22:57:44.287Z",
          "component":21,
          "app_climate_item":23,
          "is_check":true,
          "not_apply":false
       }
    },
    {
       "model":"catalog.componentappclimate",
       "pk":518,
       "fields":{
          "created_at":"2025-02-10T18:34:29.249Z",
          "updated_at":"2025-02-10T22:57:44.287Z",
          "component":21,
          "app_climate_item":24,
          "is_check":false,
          "not_apply":true
       }
    },
    {
       "model":"catalog.componentappclimate",
       "pk":519,
       "fields":{
          "created_at":"2025-02-10T18:34:29.250Z",
          "updated_at":"2025-02-10T18:34:29.250Z",
          "component":21,
          "app_climate_item":25,
          "is_check":false,
          "not_apply":false
       }
    },
    {
       "model":"catalog.componentappclimate",
       "pk":520,
       "fields":{
          "created_at":"2025-02-10T18:34:29.251Z",
          "updated_at":"2025-02-10T18:34:29.251Z",
          "component":21,
          "app_climate_item":26,
          "is_check":false,
          "not_apply":false
       }
    },
    {
       "model":"catalog.componentappclimate",
       "pk":521,
       "fields":{
          "created_at":"2025-02-10T18:34:29.251Z",
          "updated_at":"2025-02-10T22:54:00.801Z",
          "component":22,
          "app_climate_item":1,
          "is_check":true,
          "not_apply":false
       }
    },
    {
       "model":"catalog.componentappclimate",
       "pk":522,
       "fields":{
          "created_at":"2025-02-10T18:34:29.252Z",
          "updated_at":"2025-02-10T22:54:00.800Z",
          "component":22,
          "app_climate_item":2,
          "is_check":true,
          "not_apply":false
       }
    },
    {
       "model":"catalog.componentappclimate",
       "pk":524,
       "fields":{
          "created_at":"2025-02-10T18:34:29.253Z",
          "updated_at":"2025-02-10T22:54:00.800Z",
          "component":22,
          "app_climate_item":4,
          "is_check":true,
          "not_apply":false
       }
    },
    {
       "model":"catalog.componentappclimate",
       "pk":525,
       "fields":{
          "created_at":"2025-02-10T18:34:29.254Z",
          "updated_at":"2025-02-10T22:54:00.800Z",
          "component":22,
          "app_climate_item":5,
          "is_check":true,
          "not_apply":false
       }
    },
    {
       "model":"catalog.componentappclimate",
       "pk":526,
       "fields":{
          "created_at":"2025-02-10T18:34:29.254Z",
          "updated_at":"2025-02-10T22:54:00.800Z",
          "component":22,
          "app_climate_item":6,
          "is_check":true,
          "not_apply":false
       }
    },
    {
       "model":"catalog.componentappclimate",
       "pk":527,
       "fields":{
          "created_at":"2025-02-10T18:34:29.255Z",
          "updated_at":"2025-02-10T22:54:00.801Z",
          "component":22,
          "app_climate_item":7,
          "is_check":true,
          "not_apply":false
       }
    },
    {
       "model":"catalog.componentappclimate",
       "pk":528,
       "fields":{
          "created_at":"2025-02-10T18:34:29.256Z",
          "updated_at":"2025-02-10T22:54:00.801Z",
          "component":22,
          "app_climate_item":8,
          "is_check":true,
          "not_apply":false
       }
    },
    {
       "model":"catalog.componentappclimate",
       "pk":529,
       "fields":{
          "created_at":"2025-02-10T18:34:29.256Z",
          "updated_at":"2025-02-10T22:54:00.801Z",
          "component":22,
          "app_climate_item":9,
          "is_check":true,
          "not_apply":false
       }
    },
    {
       "model":"catalog.componentappclimate",
       "pk":530,
       "fields":{
          "created_at":"2025-02-10T18:34:29.257Z",
          "updated_at":"2025-02-10T22:54:00.802Z",
          "component":22,
          "app_climate_item":10,
          "is_check":true,
          "not_apply":false
       }
    },
    {
       "model":"catalog.componentappclimate",
       "pk":531,
       "fields":{
          "created_at":"2025-02-10T18:34:29.258Z",
          "updated_at":"2025-02-10T22:54:00.802Z",
          "component":22,
          "app_climate_item":11,
          "is_check":true,
          "not_apply":false
       }
    },
    {
       "model":"catalog.componentappclimate",
       "pk":532,
       "fields":{
          "created_at":"2025-02-10T18:34:29.258Z",
          "updated_at":"2025-02-10T22:54:00.802Z",
          "component":22,
          "app_climate_item":12,
          "is_check":true,
          "not_apply":false
       }
    },
    {
       "model":"catalog.componentappclimate",
       "pk":533,
       "fields":{
          "created_at":"2025-02-10T18:34:29.259Z",
          "updated_at":"2025-02-10T22:54:00.802Z",
          "component":22,
          "app_climate_item":13,
          "is_check":true,
          "not_apply":false
       }
    },
    {
       "model":"catalog.componentappclimate",
       "pk":534,
       "fields":{
          "created_at":"2025-02-10T18:34:29.259Z",
          "updated_at":"2025-02-10T18:34:29.259Z",
          "component":22,
          "app_climate_item":14,
          "is_check":false,
          "not_apply":false
       }
    },
    {
       "model":"catalog.componentappclimate",
       "pk":535,
       "fields":{
          "created_at":"2025-02-10T18:34:29.260Z",
          "updated_at":"2025-02-10T22:54:00.802Z",
          "component":22,
          "app_climate_item":15,
          "is_check":true,
          "not_apply":false
       }
    },
    {
       "model":"catalog.componentappclimate",
       "pk":536,
       "fields":{
          "created_at":"2025-02-10T18:34:29.261Z",
          "updated_at":"2025-02-10T22:54:00.803Z",
          "component":22,
          "app_climate_item":16,
          "is_check":true,
          "not_apply":false
       }
    },
    {
       "model":"catalog.componentappclimate",
       "pk":537,
       "fields":{
          "created_at":"2025-02-10T18:34:29.261Z",
          "updated_at":"2025-02-10T22:54:00.803Z",
          "component":22,
          "app_climate_item":17,
          "is_check":true,
          "not_apply":false
       }
    },
    {
       "model":"catalog.componentappclimate",
       "pk":538,
       "fields":{
          "created_at":"2025-02-10T18:34:29.262Z",
          "updated_at":"2025-02-10T22:54:00.803Z",
          "component":22,
          "app_climate_item":18,
          "is_check":true,
          "not_apply":false
       }
    },
    {
       "model":"catalog.componentappclimate",
       "pk":539,
       "fields":{
          "created_at":"2025-02-10T18:34:29.263Z",
          "updated_at":"2025-02-10T22:54:00.803Z",
          "component":22,
          "app_climate_item":19,
          "is_check":true,
          "not_apply":false
       }
    },
    {
       "model":"catalog.componentappclimate",
       "pk":540,
       "fields":{
          "created_at":"2025-02-10T18:34:29.263Z",
          "updated_at":"2025-02-10T22:54:00.804Z",
          "component":22,
          "app_climate_item":20,
          "is_check":true,
          "not_apply":false
       }
    },
    {
       "model":"catalog.componentappclimate",
       "pk":541,
       "fields":{
          "created_at":"2025-02-10T18:34:29.264Z",
          "updated_at":"2025-02-10T22:54:00.804Z",
          "component":22,
          "app_climate_item":21,
          "is_check":true,
          "not_apply":false
       }
    },
    {
       "model":"catalog.componentappclimate",
       "pk":542,
       "fields":{
          "created_at":"2025-02-10T18:34:29.265Z",
          "updated_at":"2025-02-10T22:54:00.804Z",
          "component":22,
          "app_climate_item":22,
          "is_check":true,
          "not_apply":false
       }
    },
    {
       "model":"catalog.componentappclimate",
       "pk":543,
       "fields":{
          "created_at":"2025-02-10T18:34:29.265Z",
          "updated_at":"2025-02-10T22:54:00.804Z",
          "component":22,
          "app_climate_item":23,
          "is_check":true,
          "not_apply":false
       }
    },
    {
       "model":"catalog.componentappclimate",
       "pk":544,
       "fields":{
          "created_at":"2025-02-10T18:34:29.266Z",
          "updated_at":"2025-02-10T22:54:00.804Z",
          "component":22,
          "app_climate_item":24,
          "is_check":false,
          "not_apply":true
       }
    },
    {
       "model":"catalog.componentappclimate",
       "pk":545,
       "fields":{
          "created_at":"2025-02-10T18:34:29.266Z",
          "updated_at":"2025-02-10T18:34:29.266Z",
          "component":22,
          "app_climate_item":25,
          "is_check":false,
          "not_apply":false
       }
    },
    {
       "model":"catalog.componentappclimate",
       "pk":546,
       "fields":{
          "created_at":"2025-02-10T18:34:29.267Z",
          "updated_at":"2025-02-10T22:54:00.805Z",
          "component":22,
          "app_climate_item":26,
          "is_check":true,
          "not_apply":false
       }
    },
    {
       "model":"catalog.componentappclimate",
       "pk":547,
       "fields":{
          "created_at":"2025-02-10T18:34:29.268Z",
          "updated_at":"2025-02-12T19:59:40.296Z",
          "component":1,
          "app_climate_item":1,
          "is_check":false,
          "not_apply":true
       }
    },
    {
       "model":"catalog.componentappclimate",
       "pk":548,
       "fields":{
          "created_at":"2025-02-10T18:34:29.268Z",
          "updated_at":"2025-02-12T19:59:40.296Z",
          "component":1,
          "app_climate_item":2,
          "is_check":true,
          "not_apply":false
       }
    },
    {
       "model":"catalog.componentappclimate",
       "pk":550,
       "fields":{
          "created_at":"2025-02-10T18:34:29.270Z",
          "updated_at":"2025-02-12T19:59:40.295Z",
          "component":1,
          "app_climate_item":4,
          "is_check":true,
          "not_apply":false
       }
    },
    {
       "model":"catalog.componentappclimate",
       "pk":551,
       "fields":{
          "created_at":"2025-02-10T18:34:29.270Z",
          "updated_at":"2025-02-12T19:59:40.295Z",
          "component":1,
          "app_climate_item":5,
          "is_check":true,
          "not_apply":false
       }
    },
    {
       "model":"catalog.componentappclimate",
       "pk":552,
       "fields":{
          "created_at":"2025-02-10T18:34:29.271Z",
          "updated_at":"2025-02-12T19:59:40.296Z",
          "component":1,
          "app_climate_item":6,
          "is_check":true,
          "not_apply":false
       }
    },
    {
       "model":"catalog.componentappclimate",
       "pk":553,
       "fields":{
          "created_at":"2025-02-10T18:34:29.271Z",
          "updated_at":"2025-02-12T19:59:40.297Z",
          "component":1,
          "app_climate_item":7,
          "is_check":true,
          "not_apply":false
       }
    },
    {
       "model":"catalog.componentappclimate",
       "pk":554,
       "fields":{
          "created_at":"2025-02-10T18:34:29.272Z",
          "updated_at":"2025-02-12T19:59:40.297Z",
          "component":1,
          "app_climate_item":8,
          "is_check":false,
          "not_apply":true
       }
    },
    {
       "model":"catalog.componentappclimate",
       "pk":555,
       "fields":{
          "created_at":"2025-02-10T18:34:29.273Z",
          "updated_at":"2025-02-12T19:59:40.297Z",
          "component":1,
          "app_climate_item":9,
          "is_check":true,
          "not_apply":false
       }
    },
    {
       "model":"catalog.componentappclimate",
       "pk":556,
       "fields":{
          "created_at":"2025-02-10T18:34:29.273Z",
          "updated_at":"2025-02-10T18:34:29.273Z",
          "component":1,
          "app_climate_item":10,
          "is_check":false,
          "not_apply":false
       }
    },
    {
       "model":"catalog.componentappclimate",
       "pk":557,
       "fields":{
          "created_at":"2025-02-10T18:34:29.274Z",
          "updated_at":"2025-02-10T18:34:29.274Z",
          "component":1,
          "app_climate_item":11,
          "is_check":false,
          "not_apply":false
       }
    },
    {
       "model":"catalog.componentappclimate",
       "pk":558,
       "fields":{
          "created_at":"2025-02-10T18:34:29.274Z",
          "updated_at":"2025-02-12T19:59:40.298Z",
          "component":1,
          "app_climate_item":12,
          "is_check":true,
          "not_apply":false
       }
    },
    {
       "model":"catalog.componentappclimate",
       "pk":559,
       "fields":{
          "created_at":"2025-02-10T18:34:29.275Z",
          "updated_at":"2025-02-12T19:59:40.297Z",
          "component":1,
          "app_climate_item":13,
          "is_check":true,
          "not_apply":false
       }
    },
    {
       "model":"catalog.componentappclimate",
       "pk":560,
       "fields":{
          "created_at":"2025-02-10T18:34:29.276Z",
          "updated_at":"2025-02-10T18:34:29.276Z",
          "component":1,
          "app_climate_item":14,
          "is_check":false,
          "not_apply":false
       }
    },
    {
       "model":"catalog.componentappclimate",
       "pk":561,
       "fields":{
          "created_at":"2025-02-10T18:34:29.276Z",
          "updated_at":"2025-02-10T18:34:29.276Z",
          "component":1,
          "app_climate_item":15,
          "is_check":false,
          "not_apply":false
       }
    },
    {
       "model":"catalog.componentappclimate",
       "pk":562,
       "fields":{
          "created_at":"2025-02-10T18:34:29.277Z",
          "updated_at":"2025-02-12T19:59:40.299Z",
          "component":1,
          "app_climate_item":16,
          "is_check":true,
          "not_apply":false
       }
    },
    {
       "model":"catalog.componentappclimate",
       "pk":563,
       "fields":{
          "created_at":"2025-02-10T18:34:29.278Z",
          "updated_at":"2025-02-10T18:34:29.278Z",
          "component":1,
          "app_climate_item":17,
          "is_check":false,
          "not_apply":false
       }
    },
    {
       "model":"catalog.componentappclimate",
       "pk":564,
       "fields":{
          "created_at":"2025-02-10T18:34:29.279Z",
          "updated_at":"2025-02-10T18:34:29.279Z",
          "component":1,
          "app_climate_item":18,
          "is_check":false,
          "not_apply":false
       }
    },
    {
       "model":"catalog.componentappclimate",
       "pk":565,
       "fields":{
          "created_at":"2025-02-10T18:34:29.279Z",
          "updated_at":"2025-02-12T19:59:40.298Z",
          "component":1,
          "app_climate_item":19,
          "is_check":true,
          "not_apply":false
       }
    },
    {
       "model":"catalog.componentappclimate",
       "pk":566,
       "fields":{
          "created_at":"2025-02-10T18:34:29.280Z",
          "updated_at":"2025-02-12T19:59:40.298Z",
          "component":1,
          "app_climate_item":20,
          "is_check":true,
          "not_apply":false
       }
    },
    {
       "model":"catalog.componentappclimate",
       "pk":567,
       "fields":{
          "created_at":"2025-02-10T18:34:29.280Z",
          "updated_at":"2025-02-12T19:59:40.298Z",
          "component":1,
          "app_climate_item":21,
          "is_check":true,
          "not_apply":false
       }
    },
    {
       "model":"catalog.componentappclimate",
       "pk":568,
       "fields":{
          "created_at":"2025-02-10T18:34:29.281Z",
          "updated_at":"2025-02-10T18:34:29.281Z",
          "component":1,
          "app_climate_item":22,
          "is_check":false,
          "not_apply":false
       }
    },
    {
       "model":"catalog.componentappclimate",
       "pk":569,
       "fields":{
          "created_at":"2025-02-10T18:34:29.282Z",
          "updated_at":"2025-02-10T18:34:29.282Z",
          "component":1,
          "app_climate_item":23,
          "is_check":false,
          "not_apply":false
       }
    },
    {
       "model":"catalog.componentappclimate",
       "pk":570,
       "fields":{
          "created_at":"2025-02-10T18:34:29.282Z",
          "updated_at":"2025-02-10T18:34:29.282Z",
          "component":1,
          "app_climate_item":24,
          "is_check":false,
          "not_apply":false
       }
    },
    {
       "model":"catalog.componentappclimate",
       "pk":571,
       "fields":{
          "created_at":"2025-02-10T18:34:29.283Z",
          "updated_at":"2025-02-10T18:34:29.283Z",
          "component":1,
          "app_climate_item":25,
          "is_check":false,
          "not_apply":false
       }
    },
    {
       "model":"catalog.componentappclimate",
       "pk":572,
       "fields":{
          "created_at":"2025-02-10T18:34:29.284Z",
          "updated_at":"2025-02-10T18:34:29.284Z",
          "component":1,
          "app_climate_item":26,
          "is_check":false,
          "not_apply":false
       }
    },
    {
       "model":"catalog.componentappclimatescore",
       "pk":1,
       "fields":{
          "created_at":"2025-02-10T18:35:05.289Z",
          "updated_at":"2025-02-13T11:31:04.363Z",
          "component":1,
          "app_climate_score":1,
          "score":52
       }
    },
    {
       "model":"catalog.componentappclimatescore",
       "pk":2,
       "fields":{
          "created_at":"2025-02-10T18:35:05.290Z",
          "updated_at":"2025-02-13T11:31:04.364Z",
          "component":1,
          "app_climate_score":3,
          "score":50
       }
    },
    {
       "model":"catalog.componentappclimatescore",
       "pk":3,
       "fields":{
          "created_at":"2025-02-10T18:35:05.291Z",
          "updated_at":"2025-02-13T11:31:04.365Z",
          "component":1,
          "app_climate_score":2,
          "score":53
       }
    },
    {
       "model":"catalog.componentappclimatescore",
       "pk":4,
       "fields":{
          "created_at":"2025-02-10T18:35:05.308Z",
          "updated_at":"2025-02-13T11:32:04.878Z",
          "component":2,
          "app_climate_score":1,
          "score":43
       }
    },
    {
       "model":"catalog.componentappclimatescore",
       "pk":5,
       "fields":{
          "created_at":"2025-02-10T18:35:05.309Z",
          "updated_at":"2025-02-13T11:32:04.879Z",
          "component":2,
          "app_climate_score":3,
          "score":25
       }
    },
    {
       "model":"catalog.componentappclimatescore",
       "pk":6,
       "fields":{
          "created_at":"2025-02-10T18:35:05.309Z",
          "updated_at":"2025-02-13T11:32:04.880Z",
          "component":2,
          "app_climate_score":2,
          "score":54
       }
    },
    {
       "model":"catalog.componentappclimatescore",
       "pk":7,
       "fields":{
          "created_at":"2025-02-10T18:35:05.326Z",
          "updated_at":"2025-02-13T11:31:54.929Z",
          "component":3,
          "app_climate_score":1,
          "score":38
       }
    },
    {
       "model":"catalog.componentappclimatescore",
       "pk":8,
       "fields":{
          "created_at":"2025-02-10T18:35:05.326Z",
          "updated_at":"2025-02-13T11:31:54.930Z",
          "component":3,
          "app_climate_score":3,
          "score":38
       }
    },
    {
       "model":"catalog.componentappclimatescore",
       "pk":9,
       "fields":{
          "created_at":"2025-02-10T18:35:05.327Z",
          "updated_at":"2025-02-13T11:31:54.931Z",
          "component":3,
          "app_climate_score":2,
          "score":38
       }
    },
    {
       "model":"catalog.componentappclimatescore",
       "pk":10,
       "fields":{
          "created_at":"2025-02-10T18:35:05.345Z",
          "updated_at":"2025-02-13T11:31:45.208Z",
          "component":4,
          "app_climate_score":1,
          "score":76
       }
    },
    {
       "model":"catalog.componentappclimatescore",
       "pk":11,
       "fields":{
          "created_at":"2025-02-10T18:35:05.345Z",
          "updated_at":"2025-02-13T11:31:45.210Z",
          "component":4,
          "app_climate_score":3,
          "score":88
       }
    },
    {
       "model":"catalog.componentappclimatescore",
       "pk":12,
       "fields":{
          "created_at":"2025-02-10T18:35:05.346Z",
          "updated_at":"2025-02-13T11:31:45.210Z",
          "component":4,
          "app_climate_score":2,
          "score":69
       }
    },
    {
       "model":"catalog.componentappclimatescore",
       "pk":13,
       "fields":{
          "created_at":"2025-02-10T18:35:05.362Z",
          "updated_at":"2025-02-13T11:34:19.840Z",
          "component":5,
          "app_climate_score":1,
          "score":83
       }
    },
    {
       "model":"catalog.componentappclimatescore",
       "pk":14,
       "fields":{
          "created_at":"2025-02-10T18:35:05.363Z",
          "updated_at":"2025-02-13T11:34:19.841Z",
          "component":5,
          "app_climate_score":3,
          "score":50
       }
    },
    {
       "model":"catalog.componentappclimatescore",
       "pk":15,
       "fields":{
          "created_at":"2025-02-10T18:35:05.364Z",
          "updated_at":"2025-02-13T11:34:19.842Z",
          "component":5,
          "app_climate_score":2,
          "score":100
       }
    },
    {
       "model":"catalog.componentappclimatescore",
       "pk":16,
       "fields":{
          "created_at":"2025-02-10T18:35:05.380Z",
          "updated_at":"2025-02-13T11:55:11.349Z",
          "component":6,
          "app_climate_score":1,
          "score":33
       }
    },
    {
       "model":"catalog.componentappclimatescore",
       "pk":17,
       "fields":{
          "created_at":"2025-02-10T18:35:05.381Z",
          "updated_at":"2025-02-13T11:55:11.350Z",
          "component":6,
          "app_climate_score":3,
          "score":38
       }
    },
    {
       "model":"catalog.componentappclimatescore",
       "pk":18,
       "fields":{
          "created_at":"2025-02-10T18:35:05.382Z",
          "updated_at":"2025-02-13T11:55:11.351Z",
          "component":6,
          "app_climate_score":2,
          "score":31
       }
    },
    {
       "model":"catalog.componentappclimatescore",
       "pk":19,
       "fields":{
          "created_at":"2025-02-10T18:35:05.399Z",
          "updated_at":"2025-02-13T11:34:28.453Z",
          "component":7,
          "app_climate_score":1,
          "score":42
       }
    },
    {
       "model":"catalog.componentappclimatescore",
       "pk":20,
       "fields":{
          "created_at":"2025-02-10T18:35:05.400Z",
          "updated_at":"2025-02-13T11:34:28.454Z",
          "component":7,
          "app_climate_score":3,
          "score":25
       }
    },
    {
       "model":"catalog.componentappclimatescore",
       "pk":21,
       "fields":{
          "created_at":"2025-02-10T18:35:05.401Z",
          "updated_at":"2025-02-13T11:34:28.455Z",
          "component":7,
          "app_climate_score":2,
          "score":50
       }
    },
    {
       "model":"catalog.componentappclimatescore",
       "pk":22,
       "fields":{
          "created_at":"2025-02-10T18:35:05.416Z",
          "updated_at":"2025-02-13T11:34:36.065Z",
          "component":8,
          "app_climate_score":1,
          "score":71
       }
    },
    {
       "model":"catalog.componentappclimatescore",
       "pk":23,
       "fields":{
          "created_at":"2025-02-10T18:35:05.417Z",
          "updated_at":"2025-02-13T11:34:36.066Z",
          "component":8,
          "app_climate_score":3,
          "score":88
       }
    },
    {
       "model":"catalog.componentappclimatescore",
       "pk":24,
       "fields":{
          "created_at":"2025-02-10T18:35:05.418Z",
          "updated_at":"2025-02-13T11:34:36.067Z",
          "component":8,
          "app_climate_score":2,
          "score":62
       }
    },
    {
       "model":"catalog.componentappclimatescore",
       "pk":25,
       "fields":{
          "created_at":"2025-02-10T18:35:05.435Z",
          "updated_at":"2025-02-13T11:53:54.027Z",
          "component":9,
          "app_climate_score":1,
          "score":79
       }
    },
    {
       "model":"catalog.componentappclimatescore",
       "pk":26,
       "fields":{
          "created_at":"2025-02-10T18:35:05.435Z",
          "updated_at":"2025-02-13T11:53:54.028Z",
          "component":9,
          "app_climate_score":3,
          "score":75
       }
    },
    {
       "model":"catalog.componentappclimatescore",
       "pk":27,
       "fields":{
          "created_at":"2025-02-10T18:35:05.436Z",
          "updated_at":"2025-02-13T11:53:54.029Z",
          "component":9,
          "app_climate_score":2,
          "score":81
       }
    },
    {
       "model":"catalog.componentappclimatescore",
       "pk":28,
       "fields":{
          "created_at":"2025-02-10T18:35:05.452Z",
          "updated_at":"2025-02-13T11:32:48.324Z",
          "component":10,
          "app_climate_score":1,
          "score":76
       }
    },
    {
       "model":"catalog.componentappclimatescore",
       "pk":29,
       "fields":{
          "created_at":"2025-02-10T18:35:05.453Z",
          "updated_at":"2025-02-13T11:32:48.325Z",
          "component":10,
          "app_climate_score":3,
          "score":75
       }
    },
    {
       "model":"catalog.componentappclimatescore",
       "pk":30,
       "fields":{
          "created_at":"2025-02-10T18:35:05.453Z",
          "updated_at":"2025-02-13T11:32:48.326Z",
          "component":10,
          "app_climate_score":2,
          "score":77
       }
    },
    {
       "model":"catalog.componentappclimatescore",
       "pk":31,
       "fields":{
          "created_at":"2025-02-10T18:35:05.470Z",
          "updated_at":"2025-02-13T11:32:38.339Z",
          "component":11,
          "app_climate_score":1,
          "score":62
       }
    },
    {
       "model":"catalog.componentappclimatescore",
       "pk":32,
       "fields":{
          "created_at":"2025-02-10T18:35:05.471Z",
          "updated_at":"2025-02-13T11:32:38.340Z",
          "component":11,
          "app_climate_score":3,
          "score":50
       }
    },
    {
       "model":"catalog.componentappclimatescore",
       "pk":33,
       "fields":{
          "created_at":"2025-02-10T18:35:05.472Z",
          "updated_at":"2025-02-13T11:32:38.341Z",
          "component":11,
          "app_climate_score":2,
          "score":69
       }
    },
    {
       "model":"catalog.componentappclimatescore",
       "pk":34,
       "fields":{
          "created_at":"2025-02-10T18:35:05.487Z",
          "updated_at":"2025-02-13T11:32:30.723Z",
          "component":12,
          "app_climate_score":1,
          "score":100
       }
    },
    {
       "model":"catalog.componentappclimatescore",
       "pk":35,
       "fields":{
          "created_at":"2025-02-10T18:35:05.488Z",
          "updated_at":"2025-02-13T11:32:30.724Z",
          "component":12,
          "app_climate_score":3,
          "score":100
       }
    },
    {
       "model":"catalog.componentappclimatescore",
       "pk":36,
       "fields":{
          "created_at":"2025-02-10T18:35:05.489Z",
          "updated_at":"2025-02-13T11:32:30.725Z",
          "component":12,
          "app_climate_score":2,
          "score":100
       }
    },
    {
       "model":"catalog.componentappclimatescore",
       "pk":37,
       "fields":{
          "created_at":"2025-02-10T18:35:05.504Z",
          "updated_at":"2025-02-13T11:33:32.307Z",
          "component":13,
          "app_climate_score":1,
          "score":56
       }
    },
    {
       "model":"catalog.componentappclimatescore",
       "pk":38,
       "fields":{
          "created_at":"2025-02-10T18:35:05.505Z",
          "updated_at":"2025-02-13T11:33:32.308Z",
          "component":13,
          "app_climate_score":3,
          "score":67
       }
    },
    {
       "model":"catalog.componentappclimatescore",
       "pk":39,
       "fields":{
          "created_at":"2025-02-10T18:35:05.506Z",
          "updated_at":"2025-02-13T11:33:32.309Z",
          "component":13,
          "app_climate_score":2,
          "score":54
       }
    },
    {
       "model":"catalog.componentappclimatescore",
       "pk":40,
       "fields":{
          "created_at":"2025-02-10T18:35:05.521Z",
          "updated_at":"2025-02-13T11:33:42.071Z",
          "component":14,
          "app_climate_score":1,
          "score":0
       }
    },
    {
       "model":"catalog.componentappclimatescore",
       "pk":41,
       "fields":{
          "created_at":"2025-02-10T18:35:05.522Z",
          "updated_at":"2025-02-13T11:33:42.072Z",
          "component":14,
          "app_climate_score":3,
          "score":0
       }
    },
    {
       "model":"catalog.componentappclimatescore",
       "pk":42,
       "fields":{
          "created_at":"2025-02-10T18:35:05.523Z",
          "updated_at":"2025-02-13T11:33:42.073Z",
          "component":14,
          "app_climate_score":2,
          "score":0
       }
    },
    {
       "model":"catalog.componentappclimatescore",
       "pk":43,
       "fields":{
          "created_at":"2025-02-10T18:35:05.539Z",
          "updated_at":"2025-02-13T11:54:40.315Z",
          "component":15,
          "app_climate_score":1,
          "score":0
       }
    },
    {
       "model":"catalog.componentappclimatescore",
       "pk":44,
       "fields":{
          "created_at":"2025-02-10T18:35:05.539Z",
          "updated_at":"2025-02-13T11:54:40.316Z",
          "component":15,
          "app_climate_score":3,
          "score":0
       }
    },
    {
       "model":"catalog.componentappclimatescore",
       "pk":45,
       "fields":{
          "created_at":"2025-02-10T18:35:05.540Z",
          "updated_at":"2025-02-13T11:54:40.317Z",
          "component":15,
          "app_climate_score":2,
          "score":0
       }
    },
    {
       "model":"catalog.componentappclimatescore",
       "pk":46,
       "fields":{
          "created_at":"2025-02-10T18:35:05.556Z",
          "updated_at":"2025-02-13T11:30:33.941Z",
          "component":16,
          "app_climate_score":1,
          "score":92
       }
    },
    {
       "model":"catalog.componentappclimatescore",
       "pk":47,
       "fields":{
          "created_at":"2025-02-10T18:35:05.557Z",
          "updated_at":"2025-02-13T11:30:33.942Z",
          "component":16,
          "app_climate_score":3,
          "score":88
       }
    },
    {
       "model":"catalog.componentappclimatescore",
       "pk":48,
       "fields":{
          "created_at":"2025-02-10T18:35:05.558Z",
          "updated_at":"2025-02-13T11:30:33.942Z",
          "component":16,
          "app_climate_score":2,
          "score":94
       }
    },
    {
       "model":"catalog.componentappclimatescore",
       "pk":49,
       "fields":{
          "created_at":"2025-02-10T18:35:05.575Z",
          "updated_at":"2025-02-13T11:32:57.167Z",
          "component":17,
          "app_climate_score":1,
          "score":55
       }
    },
    {
       "model":"catalog.componentappclimatescore",
       "pk":50,
       "fields":{
          "created_at":"2025-02-10T18:35:05.575Z",
          "updated_at":"2025-02-13T11:32:57.168Z",
          "component":17,
          "app_climate_score":3,
          "score":0
       }
    },
    {
       "model":"catalog.componentappclimatescore",
       "pk":51,
       "fields":{
          "created_at":"2025-02-10T18:35:05.576Z",
          "updated_at":"2025-02-13T11:32:57.169Z",
          "component":17,
          "app_climate_score":2,
          "score":55
       }
    },
    {
       "model":"catalog.componentappclimatescore",
       "pk":52,
       "fields":{
          "created_at":"2025-02-10T18:35:05.593Z",
          "updated_at":"2025-02-13T11:30:21.921Z",
          "component":18,
          "app_climate_score":1,
          "score":63
       }
    },
    {
       "model":"catalog.componentappclimatescore",
       "pk":53,
       "fields":{
          "created_at":"2025-02-10T18:35:05.594Z",
          "updated_at":"2025-02-13T11:30:21.922Z",
          "component":18,
          "app_climate_score":3,
          "score":86
       }
    },
    {
       "model":"catalog.componentappclimatescore",
       "pk":54,
       "fields":{
          "created_at":"2025-02-10T18:35:05.595Z",
          "updated_at":"2025-02-13T11:30:21.923Z",
          "component":18,
          "app_climate_score":2,
          "score":50
       }
    },
    {
       "model":"catalog.componentappclimatescore",
       "pk":55,
       "fields":{
          "created_at":"2025-02-10T18:35:05.610Z",
          "updated_at":"2025-02-13T11:51:51.842Z",
          "component":19,
          "app_climate_score":1,
          "score":50
       }
    },
    {
       "model":"catalog.componentappclimatescore",
       "pk":56,
       "fields":{
          "created_at":"2025-02-10T18:35:05.611Z",
          "updated_at":"2025-02-13T11:51:51.843Z",
          "component":19,
          "app_climate_score":3,
          "score":38
       }
    },
    {
       "model":"catalog.componentappclimatescore",
       "pk":57,
       "fields":{
          "created_at":"2025-02-10T18:35:05.611Z",
          "updated_at":"2025-02-13T11:51:51.844Z",
          "component":19,
          "app_climate_score":2,
          "score":57
       }
    },
    {
       "model":"catalog.componentappclimatescore",
       "pk":58,
       "fields":{
          "created_at":"2025-02-10T18:35:05.627Z",
          "updated_at":"2025-02-13T11:34:12.704Z",
          "component":20,
          "app_climate_score":1,
          "score":82
       }
    },
    {
       "model":"catalog.componentappclimatescore",
       "pk":59,
       "fields":{
          "created_at":"2025-02-10T18:35:05.628Z",
          "updated_at":"2025-02-13T11:34:12.705Z",
          "component":20,
          "app_climate_score":3,
          "score":100
       }
    },
    {
       "model":"catalog.componentappclimatescore",
       "pk":60,
       "fields":{
          "created_at":"2025-02-10T18:35:05.629Z",
          "updated_at":"2025-02-13T11:34:12.706Z",
          "component":20,
          "app_climate_score":2,
          "score":73
       }
    },
    {
       "model":"catalog.componentappclimatescore",
       "pk":61,
       "fields":{
          "created_at":"2025-02-10T18:35:05.646Z",
          "updated_at":"2025-02-13T11:53:13.677Z",
          "component":21,
          "app_climate_score":1,
          "score":67
       }
    },
    {
       "model":"catalog.componentappclimatescore",
       "pk":62,
       "fields":{
          "created_at":"2025-02-10T18:35:05.646Z",
          "updated_at":"2025-02-13T11:53:13.678Z",
          "component":21,
          "app_climate_score":3,
          "score":62
       }
    },
    {
       "model":"catalog.componentappclimatescore",
       "pk":63,
       "fields":{
          "created_at":"2025-02-10T18:35:05.647Z",
          "updated_at":"2025-02-13T11:53:13.679Z",
          "component":21,
          "app_climate_score":2,
          "score":69
       }
    },
    {
       "model":"catalog.componentappclimatescore",
       "pk":64,
       "fields":{
          "created_at":"2025-02-10T18:35:05.674Z",
          "updated_at":"2025-02-13T11:33:05.828Z",
          "component":22,
          "app_climate_score":1,
          "score":92
       }
    },
    {
       "model":"catalog.componentappclimatescore",
       "pk":65,
       "fields":{
          "created_at":"2025-02-10T18:35:05.675Z",
          "updated_at":"2025-02-13T11:33:05.829Z",
          "component":22,
          "app_climate_score":3,
          "score":100
       }
    },
    {
       "model":"catalog.componentappclimatescore",
       "pk":66,
       "fields":{
          "created_at":"2025-02-10T18:35:05.676Z",
          "updated_at":"2025-02-13T11:33:05.830Z",
          "component":22,
          "app_climate_score":2,
          "score":88
       }
    },
    {
       "model":"catalog.componentnote",
       "pk":1,
       "fields":{
          "created_at":"2025-02-10T18:32:31.487Z",
          "updated_at":"2025-02-10T18:32:31.487Z",
          "title":"Technical Debit",
          "content":"<p>Needs to improve node version</p>",
          "component":1
       }
    },
    {
       "model":"catalog.componentnote",
       "pk":2,
       "fields":{
          "created_at":"2025-02-13T11:51:51.797Z",
          "updated_at":"2025-02-13T11:51:51.797Z",
          "title":"Refactoring",
          "content":"<p>description here</p>",
          "component":19
       }
    },
    {
       "model":"catalog.componentnote",
       "pk":3,
       "fields":{
          "created_at":"2025-02-13T11:53:13.633Z",
          "updated_at":"2025-02-13T11:53:13.633Z",
          "title":"Improvements",
          "content":"<p>Description here</p>",
          "component":21
       }
    },
    {
       "model":"catalog.componentnote",
       "pk":4,
       "fields":{
          "created_at":"2025-02-13T11:53:53.982Z",
          "updated_at":"2025-02-13T11:53:53.982Z",
          "title":"Notes",
          "content":"<p>note description</p>",
          "component":9
       }
    },
    {
       "model":"catalog.componentnote",
       "pk":5,
       "fields":{
          "created_at":"2025-02-13T11:54:40.273Z",
          "updated_at":"2025-02-13T11:54:40.273Z",
          "title":"Anything",
          "content":"<p>description</p>",
          "component":15
       }
    },
    {
       "model":"catalog.componentnote",
       "pk":6,
       "fields":{
          "created_at":"2025-02-13T11:55:11.305Z",
          "updated_at":"2025-02-13T11:55:11.305Z",
          "title":"Improvements",
          "content":"<p>Update node version</p>",
          "component":6
       }
    },
    {
       "model":"catalog.groupgrouplink",
       "pk":1,
       "fields":{
          "created_at":"2025-02-13T11:41:31.608Z",
          "updated_at":"2025-02-13T11:41:31.609Z",
          "name":"Documentation",
          "group":1
       }
    },
    {
       "model":"catalog.groupgrouplink",
       "pk":2,
       "fields":{
          "created_at":"2025-02-13T11:44:30.747Z",
          "updated_at":"2025-02-13T11:44:30.747Z",
          "name":"Documents",
          "group":2
       }
    },
    {
       "model":"catalog.groupgrouplink",
       "pk":3,
       "fields":{
          "created_at":"2025-02-13T11:46:04.784Z",
          "updated_at":"2025-02-13T11:46:04.784Z",
          "name":"Custom Group Link",
          "group":2
       }
    },
    {
       "model":"catalog.groupgrouplink",
       "pk":4,
       "fields":{
          "created_at":"2025-02-13T11:48:13.881Z",
          "updated_at":"2025-02-13T11:48:13.881Z",
          "name":"Documents",
          "group":3
       }
    },
    {
       "model":"catalog.groupgrouplink",
       "pk":5,
       "fields":{
          "created_at":"2025-02-13T11:48:38.134Z",
          "updated_at":"2025-02-13T11:48:38.134Z",
          "name":"Documents",
          "group":4
       }
    },
    {
       "model":"catalog.groupgrouplink",
       "pk":6,
       "fields":{
          "created_at":"2025-02-13T11:50:00.187Z",
          "updated_at":"2025-02-13T11:50:00.187Z",
          "name":"Documents",
          "group":6
       }
    },
    {
       "model":"catalog.groupgrouplink",
       "pk":7,
       "fields":{
          "created_at":"2025-02-13T11:50:45.447Z",
          "updated_at":"2025-02-13T11:50:45.447Z",
          "name":"Documents",
          "group":5
       }
    },
    {
       "model":"catalog.grouplink",
       "pk":1,
       "fields":{
          "created_at":"2025-02-13T11:41:31.609Z",
          "updated_at":"2025-02-13T11:41:31.609Z",
          "text":"Document 1",
          "url":"https://link-doc-1.com",
          "group_link":1
       }
    },
    {
       "model":"catalog.grouplink",
       "pk":2,
       "fields":{
          "created_at":"2025-02-13T11:41:59.337Z",
          "updated_at":"2025-02-13T11:41:59.337Z",
          "text":"Document 2",
          "url":"https://link-doc-1.com",
          "group_link":1
       }
    },
    {
       "model":"catalog.grouplink",
       "pk":3,
       "fields":{
          "created_at":"2025-02-13T11:44:30.748Z",
          "updated_at":"2025-02-13T11:44:30.748Z",
          "text":"Documents 1",
          "url":"https://link-doc-1.com",
          "group_link":2
       }
    },
    {
       "model":"catalog.grouplink",
       "pk":4,
       "fields":{
          "created_at":"2025-02-13T11:44:30.748Z",
          "updated_at":"2025-02-13T11:44:30.748Z",
          "text":"Document 2",
          "url":"https://link-doc-2.com",
          "group_link":2
       }
    },
    {
       "model":"catalog.grouplink",
       "pk":5,
       "fields":{
          "created_at":"2025-02-13T11:46:04.785Z",
          "updated_at":"2025-02-13T11:46:04.785Z",
          "text":"Custom link text",
          "url":"https://custom-link.com",
          "group_link":3
       }
    },
    {
       "model":"catalog.grouplink",
       "pk":6,
       "fields":{
          "created_at":"2025-02-13T11:48:13.882Z",
          "updated_at":"2025-02-13T11:48:13.882Z",
          "text":"Document 1",
          "url":"https://link-doc-1.com",
          "group_link":4
       }
    },
    {
       "model":"catalog.grouplink",
       "pk":7,
       "fields":{
          "created_at":"2025-02-13T11:48:13.882Z",
          "updated_at":"2025-02-13T11:48:13.882Z",
          "text":"Document 2",
          "url":"https://link-doc-2.com",
          "group_link":4
       }
    },
    {
       "model":"catalog.grouplink",
       "pk":8,
       "fields":{
          "created_at":"2025-02-13T11:48:38.134Z",
          "updated_at":"2025-02-13T11:48:38.134Z",
          "text":"Document 1",
          "url":"https://link-doc-1.com",
          "group_link":5
       }
    },
    {
       "model":"catalog.grouplink",
       "pk":9,
       "fields":{
          "created_at":"2025-02-13T11:48:38.134Z",
          "updated_at":"2025-02-13T11:48:38.134Z",
          "text":"Document 2",
          "url":"https://link-doc-2.com",
          "group_link":5
       }
    },
    {
       "model":"catalog.grouplink",
       "pk":10,
       "fields":{
          "created_at":"2025-02-13T11:50:00.188Z",
          "updated_at":"2025-02-13T11:50:00.188Z",
          "text":"Document 1",
          "url":"https://link-doc-1.com",
          "group_link":6
       }
    },
    {
       "model":"catalog.grouplink",
       "pk":11,
       "fields":{
          "created_at":"2025-02-13T11:50:00.188Z",
          "updated_at":"2025-02-13T11:50:00.188Z",
          "text":"Document 2",
          "url":"https://link-doc-2.com",
          "group_link":6
       }
    },
    {
       "model":"catalog.grouplink",
       "pk":12,
       "fields":{
          "created_at":"2025-02-13T11:50:45.447Z",
          "updated_at":"2025-02-13T11:50:45.447Z",
          "text":"Document 1",
          "url":"https://link-doc-1.com",
          "group_link":7
       }
    },
    {
       "model":"catalog.grouplink",
       "pk":13,
       "fields":{
          "created_at":"2025-02-13T11:50:45.448Z",
          "updated_at":"2025-02-13T11:50:45.448Z",
          "text":"Document 2",
          "url":"https://link-doc-2.com",
          "group_link":7
       }
    },
    {
       "model":"catalog.groupnote",
       "pk":1,
       "fields":{
          "created_at":"2025-02-10T18:31:46.546Z",
          "updated_at":"2025-02-10T18:31:46.546Z",
          "title":"List of Technical Debits",
          "content":"<ol>\r\n<li>abc</li>\r\n<li>asdf</li>\r\n<li>etc</li>\r\n</ol>",
          "component":3
       }
    },
    {
       "model":"catalog.groupnote",
       "pk":2,
       "fields":{
          "created_at":"2025-02-13T11:40:33.515Z",
          "updated_at":"2025-02-13T11:40:33.515Z",
          "title":"Technical Debits",
          "content":"<ul>\r\n<li>debt 1</li>\r\n<li>debt 2</li>\r\n<li>debt 3</li>\r\n</ul>",
          "component":1
       }
    },
    {
       "model":"catalog.groupnote",
       "pk":3,
       "fields":{
          "created_at":"2025-02-13T11:43:05.248Z",
          "updated_at":"2025-02-13T11:43:05.248Z",
          "title":"Team Goals",
          "content":"<ul>\r\n<li>Goal 1</li>\r\n<li>Goal 2</li>\r\n<li>Goal 3</li>\r\n</ul>",
          "component":1
       }
    },
    {
       "model":"catalog.groupnote",
       "pk":4,
       "fields":{
          "created_at":"2025-02-13T11:44:30.749Z",
          "updated_at":"2025-02-13T11:44:30.749Z",
          "title":"Tecnichal Debts",
          "content":"<ul>\r\n<li>Debit 1</li>\r\n<li>Debit 2</li>\r\n<li>Debit 3</li>\r\n</ul>",
          "component":2
       }
    },
    {
       "model":"catalog.groupnote",
       "pk":5,
       "fields":{
          "created_at":"2025-02-13T11:46:53.365Z",
          "updated_at":"2025-02-13T11:46:53.365Z",
          "title":"Anything",
          "content":"<ul>\r\n<li>anything</li>\r\n<li>anything</li>\r\n<li>anything</li>\r\n</ul>",
          "component":2
       }
    },
    {
       "model":"catalog.groupnote",
       "pk":6,
       "fields":{
          "created_at":"2025-02-13T11:49:06.548Z",
          "updated_at":"2025-02-13T11:49:06.548Z",
          "title":"Tecnhical Debits",
          "content":"<ul>\r\n<li>Debit 1</li>\r\n<li>Debit 2</li>\r\n<li>Debit 3</li>\r\n</ul>",
          "component":4
       }
    },
    {
       "model":"catalog.groupnote",
       "pk":7,
       "fields":{
          "created_at":"2025-02-13T11:50:00.188Z",
          "updated_at":"2025-02-13T11:50:00.188Z",
          "title":"Tecnhical Debits",
          "content":"<ul>\r\n<li>Debit 1</li>\r\n<li>Debit 2</li>\r\n<li>Debit 3</li>\r\n</ul>",
          "component":6
       }
    },
    {
       "model":"catalog.groupnote",
       "pk":8,
       "fields":{
          "created_at":"2025-02-13T11:50:45.448Z",
          "updated_at":"2025-02-13T11:50:45.448Z",
          "title":"Tecnhical debits",
          "content":"<ul>\r\n<li>Debit 1</li>\r\n<li>Debit 2</li>\r\n<li>Debit 3</li>\r\n</ul>",
          "component":5
       }
    },
    {
       "model":"catalog.link",
       "pk":1,
       "fields":{
          "created_at":"2025-02-10T15:41:49.975Z",
          "updated_at":"2025-02-10T18:09:46.979Z",
          "title":"Oráculo - Github Org",
          "description":"Github Oráculo Organization",
          "icon":"bx bxl-github",
          "url":"https://github.com/oraculodev"
       }
    },
    {
       "model":"catalog.link",
       "pk":2,
       "fields":{
          "created_at":"2025-02-10T18:08:23.678Z",
          "updated_at":"2025-02-10T18:09:43.246Z",
          "title":"Tiago Sciência - Linkedin Profile",
          "description":"Find me on Linkedin",
          "icon":"bx bxl-linkedin",
          "url":"https://www.linkedin.com/in/tisciencia/"
       }
    }
 ]